image_id,class_id,score
23754240,7,1.3191774
31212855,9,1.7308367
16997284,8,1.9616259
23512774,1,1.1850891
23754283,7,1.4169071
41884467,2,0.8201058
49544670,5,0.10489506
41972864,3,1.2109556
16745353,7,1.6828735
50258245,4,1.5039694
49766388,8,0.95512
49743286,4,1.0983632
41059862,3,0.50896585
41058766,4,1.198597
17008436,8,2.0654306
41112684,2,0.27073866
41163519,2,0.9586029
41870860,8,0.52393323
23509319,1,0.87688863
50097570,4,1.3816096
49545889,0,0.49202362
42968946,2,0.7100774
41927521,5,1.3304656
50236408,8,1.3686252
17007061,8,1.8919145
49697902,3,1.0747318
42986269,3,0.56443655
41134718,3,0.1978852
41884503,2,0.5510756
49726924,7,1.1192254
16745288,7,1.7562301
41971005,7,1.5030386
23510648,7,0.9659925
29605089,9,1.173682
41884488,2,0.5448677
38216621,8,0.71684426
42968349,2,0.8683849
29651209,7,1.4196606
48533043,4,1.0429599
42968160,7,0.25908986
49700425,1,1.1577358
29650738,6,1.5597377
38174833,3,0.9544401
39260018,5,1.2006607
41167169,2,0.83147734
39260111,5,1.5935686
29651421,7,1.7924694
43936091,2,0.9126741
50236632,6,1.3559047
43934442,2,0.3615257
41152505,2,0.92006785
40029350,4,0.9372722
29651524,7,1.5960853
41968752,3,1.0407984
50236427,6,1.4173898
42980800,9,1.2080233
41191820,2,0.42336726
39388590,8,0.57507825
41867538,3,0.92484236
23511137,1,1.2883117
50518037,5,1.1047201
41068471,1,0.87084496
41921420,5,1.0095452
49444582,4,1.7087339
42984254,3,0.654436
38216638,0,-0.031000465
49696280,2,0.83640456
43991371,2,0.52731496
41969883,7,1.3160417
23512820,1,0.40642333
39008980,3,0.24286988
50348488,2,0.76682657
23576635,6,0.9717356
41890167,0,0.18534215
49541967,5,1.3515499
49539409,6,0.975451
41166926,2,0.7431736
41968999,1,1.531513
23512165,1,0.96418154
41068259,0,0.73845613
50466873,5,0.1532776
50235892,8,1.4512012
50354481,4,1.7499475
49545751,6,0.6310693
41968815,3,1.3545678
49246232,2,0.09897295
42981089,1,1.3152462
31213568,8,1.6777124
29511427,7,1.8996793
49545008,2,0.18261023
41134332,0,0.7070602
49531004,8,0.7171091
41889181,7,0.7354962
16655445,4,1.3106738
42986532,0,0.36932963
49701528,5,1.072001
17119191,8,1.6008286
29650994,7,1.9216473
50480988,6,0.74784875
23684507,9,0.6208716
50424660,9,0.9887768
49544955,3,0.65297323
38954273,6,0.72173536
41870127,8,0.50127244
49545568,8,1.4750768
31215709,3,0.6650436
50471203,4,2.1401834
42983840,2,0.49373555
50258216,4,1.4783108
41134530,4,0.69383645
23576754,6,1.373184
50236555,8,1.8396425
43996784,2,0.8458543
41163118,5,1.2099254
40030678,5,1.2937002
31216165,8,1.3113254
41136687,2,0.79713374
23754210,9,1.3305231
30687147,5,1.1887927
40583326,7,1.5473053
50394520,5,1.1361778
50236425,6,1.4155338
23754067,1,1.1114784
41889154,2,0.82482105
31215889,7,0.9084155
41131301,2,0.31938884
23730835,2,0.68174475
40029282,9,1.0231558
39008957,4,1.4248657
17170111,6,1.2841439
41871202,8,0.41567504
49544712,8,1.2502229
49544831,6,1.2899787
41136682,4,0.8376264
41975071,3,1.2632227
23747271,4,1.8796269
31213425,9,1.4635228
43989850,2,0.42806655
41914677,3,0.95369303
41868755,2,0.42934293
43990281,4,0.8168175
49743444,9,1.4180762
16655331,4,1.2519944
23754094,7,1.046983
49700843,9,0.9648354
49544941,1,0.7704691
42979055,8,0.34365773
16861468,9,0.5519359
41971748,5,0.8479512
23599018,3,0.42612025
43980282,2,0.94184387
41169169,2,0.83728915
50354676,9,1.3521541
29651624,7,1.5745105
16938254,6,1.478454
29651435,7,1.8427863
41870929,1,1.0747947
23754333,7,1.5245965
30872114,4,0.69384617
50237529,1,1.6341088
42986119,1,1.5250399
17072975,6,1.4148757
50236209,8,1.7107391
41879263,2,0.9077741
41134331,8,0.9098591
43984801,2,1.0229411
49646542,2,0.20054963
50482698,3,0.79951745
49544835,6,1.3600584
41884506,2,0.27386758
50512323,9,1.1992888
17072240,4,1.3722379
39251948,5,1.5514777
17008543,8,2.467339
17070283,5,0.8276807
48512900,7,0.9022638
41153631,2,0.6684543
43986976,1,1.0329199
41065786,2,0.43676227
41064514,2,0.82853085
41191942,2,0.50130296
30691036,0,0.105979145
23754430,7,1.010567
16921253,9,0.30318552
50456322,4,0.8889166
49426941,5,1.3432654
41191822,2,0.19210699
39829013,4,1.4857309
41884507,3,0.10524405
49694162,5,0.0061731637
41056373,2,0.7093971
41112905,2,0.88086736
50493500,4,1.5973922
23747968,8,1.1750929
41164306,0,0.23457289
41134682,3,0.6432179
16745752,7,1.964096
42982224,3,0.99906814
49697712,4,0.76346785
23810663,6,1.1185963
41974753,7,1.1067883
41867662,3,1.0818442
49319423,4,1.2908156
49646538,4,0.51298124
39255784,5,1.1728458
41918510,5,0.8442317
49426149,5,1.4708586
49949560,4,1.1653042
41136643,2,0.30098957
41884649,2,0.5651276
41151545,7,1.05001
41867688,3,0.6297874
43937766,2,0.6483717
41969891,7,1.2522101
16814181,7,1.0465178
23512946,6,1.1593878
48713705,7,1.1314149
41925097,5,0.83148813
49410722,5,1.270845
50354649,8,1.4071692
41971373,5,0.24599509
17008151,8,2.0590315
29650987,7,1.8834541
49702740,6,0.28853595
31033747,6,1.2608904
42967078,2,0.30845404
50354513,4,1.4287715
41884314,1,0.28533468
39260164,5,1.9085106
23512400,1,0.9199313
17003789,8,1.9061197
41975074,3,1.0324668
41056204,2,0.60427123
41141383,2,0.6304659
41131667,2,0.74880195
49444580,1,1.4000524
41068266,2,0.8726554
30691092,6,1.6416255
42989589,2,0.9428242
38999392,4,1.8080565
23576755,9,0.6458886
23476980,7,1.279334
42969336,1,0.47019988
43930423,0,0.6320311
23438996,5,0.8945985
41967924,7,1.3108413
41056210,3,1.0057936
41917344,2,0.6608316
41884260,2,0.24031754
41059652,3,0.85931647
50237507,9,1.204844
49545157,6,0.72550315
31214613,9,1.770388
41890175,0,0.5320332
16999721,8,2.2379966
17004966,8,2.0019531
41165779,5,0.6680502
42969279,2,0.67556393
41884475,7,0.33081278
41060589,2,-0.06511314
42986109,3,1.3271624
16841505,5,1.1367364
50462116,4,1.8029741
50441704,1,1.3012593
50347975,8,1.3885615
30740892,8,0.87308073
50360279,4,1.0282886
39254706,5,1.440561
41919031,2,0.74814963
49646600,8,0.24634266
41873598,7,1.448449
41974587,5,0.5857873
41131663,2,1.0922562
41191956,2,0.6790701
41141355,3,0.76348794
50518075,3,1.1033764
50231385,3,1.2797995
38216679,4,0.98494226
41165787,2,0.9956583
17000069,8,1.6458049
41191832,4,-0.0021370351
41967074,5,0.6449897
41914648,2,0.6070931
41917540,2,0.1253347
41969249,7,1.1178404
41065810,2,0.21840642
50245926,4,1.8029741
31080276,4,1.0576303
23754249,7,1.520879
50355086,6,0.65300477
30624326,4,1.8029741
50235909,6,1.2464695
23754241,7,1.3704189
41883519,2,0.65325147
42969093,2,0.47412115
23689358,3,0.5148191
17156628,4,0.1071824
31125296,7,0.85331976
49743442,9,1.1249297
23512315,0,0.8066561
40590158,5,1.1538368
41967111,0,0.4065547
43944833,0,0.51403487
50236391,9,1.1612694
41888857,2,0.06781733
39684368,5,0.84545094
43976102,2,1.0850658
39029771,8,0.71000123
30870945,0,1.1735866
31215848,2,0.5250269
31215938,6,0.5451882
16804489,0,0.9722011
41134243,1,0.5383344
23754196,5,1.0325996
16746096,7,1.4654187
30744524,5,0.36076453
50319508,1,0.46148938
39729619,8,0.715705
41169590,0,0.8417544
29509650,7,1.0626285
41056211,3,1.2446285
41884850,2,0.018461347
40029424,6,1.2367339
29650952,7,1.2670505
39905419,6,0.9919207
41886529,2,0.6132891
29575173,7,1.049322
41870709,4,0.8943099
41868804,2,0.9079083
41140049,2,1.0583235
41884464,2,0.80018854
23754093,7,1.03334
29657894,4,1.3488942
41058762,4,0.9017402
41870491,3,0.6770442
39688411,4,1.6789646
41879664,6,1.8222271
42967255,2,0.6437782
41141152,5,1.5084956
49545744,2,0.6009024
49545556,0,0.42689824
42967900,4,0.34467304
16756947,5,1.3405675
50236750,6,1.5234236
42989564,6,1.2385068
16997873,8,2.0768778
41134727,2,0.4068348
16999718,8,2.3861094
23510927,1,1.1674068
41925083,5,0.9432322
41912373,5,1.1420863
16746089,7,1.4633558
23689132,0,0.2526422
41132151,2,0.6026965
41870257,3,0.6117914
41868838,8,0.9394917
29651057,7,1.5332325
49697905,8,0.8761543
23492649,9,1.1853871
41884659,0,0.3636289
41134469,3,0.725112
50253256,4,0.9991158
49424501,4,1.1966887
41136646,3,0.4538123
41915632,2,0.87272066
41191606,6,0.36760953
17157871,4,1.543682
41134655,3,1.1001645
43926094,2,0.72050196
41926980,5,1.1398361
41887743,0,0.108082876
29651185,7,1.3978114
41970250,9,1.7021646
43922743,3,0.60811055
50236379,8,1.5157754
49545956,0,0.08889363
16923431,6,1.3766459
39831980,5,1.3068718
41140921,5,1.0860143
41887550,2,0.88963675
29651378,7,1.4404523
49700417,6,0.9848578
16997287,8,2.1605134
41969925,0,0.90544474
29651546,7,1.5733666
41973942,7,1.3105792
43997138,2,0.6923373
49544577,6,1.4106561
42989165,2,0.9043803
17170830,4,1.6631957
49544673,1,0.7814146
41141585,2,0.7727746
41058987,3,0.1668271
41131845,2,0.5883078
17173766,7,1.6034443
43993979,2,0.87884384
43925229,2,0.65927064
42966770,2,0.38473904
31216213,1,1.5700895
43941740,2,-0.010259986
23754103,1,1.2312212
41060576,2,0.37839967
41971039,5,0.87574685
40572446,5,0.41244102
31127244,4,1.2277582
23512738,1,1.5702201
23477346,8,1.0045828
29807869,5,0.81045216
23512614,1,1.1615211
23754531,3,1.0227267
43979581,2,0.3682142
41165756,5,0.84358627
40029213,8,0.88400567
29650688,6,1.618663
23754191,8,1.0718105
41972686,3,0.95023185
23528950,8,0.906949
23688929,4,1.4959215
23475842,4,0.9654257
31214566,9,1.7189462
42982584,3,0.21658754
50258330,4,1.1920204
41061092,2,0.7276131
50471201,4,2.0691822
41891294,2,0.1029191
40029302,4,1.2344524
41968554,5,0.80449355
43993003,5,0.81906486
39260285,9,1.3528646
41921568,5,1.0372181
41112455,8,0.8806147
23745911,8,1.1671699
16682697,4,1.6672467
43978067,2,1.0619667
29511786,7,1.430135
31033821,8,0.91856194
41967886,9,1.4694524
41967665,3,0.98139644
50258167,9,1.5790893
38023733,3,0.8553928
50236383,8,1.3544049
17070275,8,1.4220827
43941795,2,0.2669372
29651119,7,1.782206
42979323,3,0.995024
49444569,1,0.9192775
41884310,1,0.09059665
41967672,3,0.9787575
41917181,2,0.83772755
29651127,7,1.6697166
17006368,8,1.9632602
49544562,6,1.1759255
50235896,6,1.1617411
41056148,2,1.0672753
17008420,8,1.6207614
23688945,4,1.5334105
41969258,7,1.2193841
41884700,2,0.1367159
17007128,8,1.8751888
41056176,1,0.8730961
23684523,9,0.9198549
41974742,5,1.1017704
41967699,0,0.7941224
50482947,4,1.8183796
41966803,7,1.2033023
39250629,5,0.925969
43943595,2,0.52473986
23684490,6,0.30770856
41058770,2,0.7721236
41056401,2,0.30262405
39251840,5,1.5385516
41151619,2,0.6893758
50357089,4,1.2461162
49544777,2,-0.07199751
41134537,3,1.0798233
49743363,7,0.80670553
23684525,9,0.8976963
41919587,2,0.8636526
23438981,5,0.935989
41110309,3,0.46747613
50258168,6,0.93967485
16938746,8,1.1959575
43994145,2,0.49851757
50258325,6,0.5338397
50245749,4,1.8183796
29511751,7,1.2065339
41080042,1,0.6371494
41062612,2,0.5062868
49451255,8,0.89110774
29651696,7,1.3687487
50517993,5,1.537933
38050220,5,0.7206744
48523098,1,1.2990301
42978771,0,1.2332978
43984784,2,0.690005
16745346,7,1.4804316
23513136,4,1.2218248
38216521,6,1.0579832
23841532,9,0.9751513
41974794,0,0.85851216
41134279,3,0.70640135
41134135,2,0.6627875
23754342,8,1.0922835
38970236,1,0.4732871
23510818,1,0.52666116
41887631,2,0.087549716
16745406,7,1.5459387
41884677,2,0.4572562
23500969,6,1.184782
49743407,9,1.4493881
16745376,7,1.4047656
29651619,7,1.5321338
50237505,1,1.4080435
39832768,5,1.1292648
41059508,2,0.8533307
50518033,5,1.6649415
29651296,7,1.5321225
23509782,6,0.946234
41134726,2,0.532384
16745370,7,1.5832132
41883452,2,0.92501926
41869059,3,0.99260676
16928982,4,1.1452677
41160167,2,0.7752719
49545093,6,1.2570425
16746081,7,1.2842453
16998002,8,1.8684199
50253477,4,2.078819
50236352,8,1.1696539
50237662,9,1.2047241
29651160,7,1.770766
23837181,9,1.2679404
41164886,5,0.9661016
41156160,5,1.1725398
17000054,8,1.1197546
41166073,1,1.5636042
39636199,3,1.1011004
41916881,0,0.6239078
41166067,2,0.67448354
41164895,2,0.97622
41162029,2,0.7105783
41916312,5,1.2159826
41967499,7,1.1677128
43945657,2,0.82281345
17006221,8,1.59356
50195032,8,1.2676377
41161269,0,0.6140535
49743318,4,0.8798671
23509030,1,1.4486884
31213591,9,1.0271698
42983846,5,1.5000108
41162415,2,0.9008926
17154059,7,0.87799406
29651575,7,1.4878007
42983671,1,1.1988386
17072977,6,1.6470921
41969064,3,1.4691787
29807875,4,0.76649076
17008392,8,1.8747466
38216572,0,0.54379225
41924416,2,1.1896794
43944834,2,0.9646592
29650325,4,1.180173
39260230,6,1.3202336
23754264,9,1.3817954
42968004,2,0.8394629
17008025,8,1.6716098
41883123,5,1.2877315
23754380,7,0.85210466
23512777,1,1.725665
17006424,8,1.7844195
29651720,7,1.6328623
41134245,1,0.72769827
43923843,2,0.91000307
50236434,6,1.3065044
41062214,2,0.5906465
41967676,3,1.0829391
41154029,1,1.269117
41883442,2,0.6298522
41137010,0,0.7166588
40030731,7,1.2101356
41136866,2,0.9539688
49542263,5,1.2102709
41968180,7,1.6410794
50236157,8,1.4572005
40030693,4,1.3452715
43944563,2,0.56043005
42968985,2,1.1127105
41191760,4,0.8748513
43945135,2,0.60758066
49743411,7,1.2378318
38050221,5,0.94077355
41925090,2,0.89079505
43985461,2,0.7817985
41883534,2,0.60160315
23754556,6,1.4477443
50237306,6,0.86927605
41889568,2,0.49166507
29651519,7,1.7448754
41915420,2,0.6437573
49700412,1,1.163282
50237670,2,1.0427272
49545958,0,0.46107894
41134479,0,1.0152906
50237299,2,0.65757084
50517987,5,1.3229827
41153624,2,0.8490771
42966822,0,0.5923814
17004180,8,1.9101896
39225096,6,1.2380759
50236585,6,1.2632824
17149983,5,1.2120173
41870446,7,1.1134725
23511033,1,0.7593138
23754390,7,1.4880419
42977124,0,1.1263967
41134509,4,0.44466874
42980187,1,1.8193517
41111439,2,0.43708152
41867847,2,0.6759019
17006802,8,1.8172635
23684526,6,0.88136834
39260281,3,1.4800913
41867879,3,1.1359223
30535434,7,1.451058
50236609,8,1.470798
39000144,6,1.1462421
41870083,7,0.32623827
49309983,1,1.5692954
41155321,2,1.343921
41060565,2,0.5995685
17005739,8,1.7974281
31213596,9,1.0357927
39820635,4,0.73978585
38174396,4,1.0433072
40029417,6,1.1926433
41136910,3,0.86364836
42967650,2,-0.11871719
23510259,4,1.2369047
17157930,5,1.4844395
42989210,3,0.7484418
41884853,2,0.49510568
49646520,5,1.6082108
50481612,8,1.0047779
49444523,7,1.318858
38061105,9,1.2062578
41067791,2,0.6609283
16997127,8,1.935104
23863053,5,1.2994158
43932383,2,0.61021966
41883135,0,0.19159228
49743396,1,1.305054
38967234,5,1.0792809
41966804,7,1.2005299
41921633,2,0.70971704
50517988,5,1.3788831
16745386,7,1.4458829
49544820,6,0.82334524
39832106,4,1.1524961
41886908,2,0.23220125
29650705,6,1.3406657
23754338,7,1.2181643
50484988,4,1.7996297
23754236,1,0.71454686
50470633,4,1.7996297
43932379,2,0.76363933
41919030,2,0.71742046
29651553,7,1.3634642
41134680,3,0.3449227
41968791,3,0.785537
49545542,8,0.37944388
41926012,2,0.5429508
41134493,3,0.6005494
50484977,4,1.7996297
43937413,7,0.758478
50418264,6,1.367404
41164923,2,0.706849
42983689,1,1.03535
29651609,7,1.3216374
43937943,2,0.86742735
23478383,4,0.87325245
42979520,0,0.641839
49319450,2,0.9921388
41140895,8,0.78395605
29651656,7,1.4750915
41920505,8,1.0671213
23754198,6,1.0654337
38999837,5,0.5176153
41112453,2,0.22534461
31215490,9,1.9130709
42977873,3,1.1521919
42967860,2,1.0183884
50518011,5,1.2311627
38216550,1,1.1967437
29651353,7,1.474316
29651413,7,1.6442075
49704255,4,1.1132495
43924719,2,0.32645756
41883536,2,0.52859
49882056,4,1.7996297
23510926,1,1.3658853
49695060,6,1.0864072
49545436,3,0.67629904
23689361,4,1.0111129
16745726,7,1.8339151
50287191,6,0.3272524
23721153,1,1.750421
49646598,8,0.8011724
31215871,0,0.771887
16923488,3,0.52568173
23611407,6,1.2209942
41871206,3,0.5148529
42984493,2,0.6412197
41870086,8,-0.4067763
50237101,9,1.5556328
23511900,6,1.0095495
41917230,5,1.3245493
50468359,5,1.1689726
42987952,2,0.5908608
43980478,0,0.34918672
42969119,2,0.8674953
41966590,3,0.6732321
41141021,2,0.9986751
42985994,0,1.3962526
23754581,7,1.8671782
50136183,4,1.6396277
41890364,2,0.8617785
42979108,3,0.65416586
23576627,9,1.6536865
31213378,9,1.6432531
23684528,5,0.04049912
16861459,5,0.40973982
41870859,8,0.4054788
23754250,7,1.3384181
39669145,7,0.6244721
17157875,6,1.4330745
41161245,2,0.8605331
39018541,1,1.2616593
41870444,4,0.64412177
41928367,2,0.91970736
41867676,3,1.0731514
41870901,7,0.13227606
50479895,6,1.2449416
41966180,6,1.3697054
23838412,7,1.7040616
50354934,6,1.1418949
29789456,5,1.2458248
41109311,4,1.1838813
16723549,5,1.7094003
42968978,2,0.7687252
31214771,9,0.95186186
41163123,4,0.4709885
16997130,8,1.6426
42983500,1,1.3589736
31118285,7,1.4847891
17006381,8,2.1362913
16997053,8,1.9951794
41156174,0,0.7932707
16655319,4,1.0197117
16999686,8,1.3899581
43935358,7,1.0004798
41136684,4,0.982335
43990324,2,0.589612
16921601,7,0.8865647
17007471,8,2.0728095
23513080,8,0.7622914
41165543,5,0.89503145
40575316,2,0.8477216
39832092,4,1.0498643
16999731,8,1.7891557
41141380,2,0.3946218
31214215,9,1.7925344
29651083,7,2.0814197
29650617,5,1.7210901
41110084,3,0.88200116
41164707,2,0.6126026
23509250,1,0.6292337
23745854,8,0.81642085
43934043,2,0.54191345
42986121,1,1.3057264
49647081,0,1.0226283
29651040,7,1.2682725
17007114,8,1.5344456
41883119,2,0.5430073
30881581,2,1.0369899
49545756,1,0.8299254
17008547,8,1.5562326
41167419,2,0.8961873
29651762,7,1.741862
50477183,6,1.2897552
49539660,3,1.4384159
16997051,8,1.6032448
41924992,5,0.98059493
41887785,2,0.17164361
50523267,4,1.3821678
41065018,4,1.2330557
41155915,5,0.99752647
41141223,9,1.0168397
48550892,5,1.1924449
16745450,7,1.6778111
17008031,8,1.5456259
41918259,3,1.0740517
49743389,9,1.1960107
43926108,2,0.5933454
41873601,5,1.377911
23509343,1,1.4363592
23754230,9,1.3874829
49545817,8,0.9706996
41970290,9,1.2689719
41883318,2,0.33066094
41106746,2,0.7079967
50354599,9,1.4418604
50136186,4,1.7150753
41061087,2,0.68222594
17154051,4,1.7534978
49426994,4,0.93544245
39885469,1,1.4845494
42984642,5,0.6767551
23512761,1,0.82563436
44005709,2,0.7909353
29651217,7,1.7946713
50237661,9,0.7620261
16998161,8,1.5731977
43926057,0,0.39678577
49545442,6,0.7170395
29651786,7,1.8600075
41917196,2,0.691806
23678172,4,0.896644
49647074,8,0.59750277
42984279,5,0.285043
23754543,7,1.0040424
16682695,4,1.7393938
30691032,0,-0.34332898
29651097,7,1.7623029
29575566,7,1.5464842
29511221,7,1.6509898
41871373,3,0.47164854
50359521,9,1.3818562
41155696,7,1.699662
50237110,6,1.1793112
50237073,6,1.1284618
49411162,5,1.5603435
41873376,3,0.8193475
39388583,0,0.088787265
23513068,9,1.2404524
50236578,8,1.0485448
42983665,1,1.4335172
41880417,5,1.4775923
50466388,4,0.6480805
42979119,2,0.4053896
49444575,1,0.97945315
30472115,3,0.7090665
50237317,2,0.81878155
41162956,2,0.9879378
50136713,4,1.451246
41921962,2,1.1580287
40029277,0,1.099377
43976103,2,1.3620682
50522924,6,0.9903708
50236392,3,1.2281352
44005119,2,0.8749882
49494809,3,0.7179557
43937414,2,0.9458796
39051781,9,0.8184762
17092619,4,2.4535282
30870955,6,1.2779746
39254442,5,1.8386542
49646638,8,0.9882925
41888715,2,0.41672072
29605141,6,1.2302029
31215337,9,1.420879
49545430,1,1.0263634
41136691,2,0.41084212
41883446,2,0.42231366
41884470,2,0.44026694
23754353,7,1.3718734
42978374,1,1.3956878
23754175,7,1.1827512
50468355,1,1.1734445
42982018,5,1.0564225
17008226,8,1.7825032
17154049,4,2.0159888
17003560,8,2.0210462
41160773,2,1.3656545
50355078,0,-0.12405388
49544853,8,1.1679175
16736408,5,1.3481703
38048401,1,0.6730848
41974754,0,1.079975
16839649,2,0.26990813
49545119,8,1.1694248
50235931,6,1.3314698
49647098,8,0.7163005
30691047,3,1.2166692
41141157,2,0.73078936
49545769,6,1.1305207
41917787,2,0.46915954
38216539,1,1.0651402
23754212,6,0.9719695
23810664,3,0.33136463
41162206,5,1.1617242
41060588,3,0.028765261
49544926,6,0.5015388
41141434,5,0.81512856
41890173,0,0.59869397
41918927,2,0.7478249
42967720,0,0.37986058
49539599,7,0.6095218
41879511,2,0.64294213
49545929,9,0.26801723
29613524,1,1.3261175
41056365,2,0.72507787
41166303,2,0.81817997
29527178,5,0.98560405
41921609,7,0.7925855
49544507,8,1.1281909
41191759,4,0.7312881
23754350,7,1.2380548
29650655,7,1.6532727
30870958,1,1.1504586
40030684,4,1.3058832
49647045,5,1.7365651
41869049,3,1.1138277
49545543,8,0.9605392
49743374,9,0.80351347
43979555,2,0.7355263
38174211,9,1.0303559
31214818,9,1.4036782
49700838,8,0.44987315
23476197,5,0.93726623
30471559,4,1.8466343
23509330,1,1.2367965
23446304,4,1.3425364
31215929,1,1.1860814
29753696,4,1.8466343
41141553,2,0.36775187
31216164,6,0.94044507
29651541,7,1.4967332
42982618,3,0.9111965
49544851,8,1.4108968
41162980,7,0.6915252
41168677,7,0.7450567
23791558,4,1.8466343
50474275,4,1.8466343
50237262,6,1.2292734
42967722,2,0.32281375
50205975,4,1.2106831
41131847,2,0.9636487
41134097,3,0.7155584
43945442,2,0.5144929
44007087,2,0.71912515
41112678,3,0.22141102
41867842,2,0.8372355
43985908,2,0.2899089
29651789,7,1.6139661
17003563,8,1.9109287
41136722,5,0.9168178
38185570,1,0.9374881
38985075,0,0.7667501
50336783,4,1.3651608
41972900,5,0.9465494
31215724,9,0.7815027
49545043,6,1.0592605
42989438,3,0.6448694
41967261,5,0.7864019
50236396,1,1.2358327
42967492,2,0.5021849
23439014,4,1.5319479
31080919,7,1.1088728
50354428,9,1.3300471
41061086,2,0.64680624
41160767,2,0.7985534
41887021,2,0.19482748
23841534,9,0.84658074
23510148,8,1.17202
17006218,8,1.9458369
41887792,2,0.17299828
49646536,4,0.82375455
38174236,4,1.2395848
29651585,7,1.7877219
44006372,2,0.13916291
41869074,2,0.6549511
17000095,8,2.0442455
23837988,3,1.1007309
40029300,4,0.97772557
29650667,7,1.3770795
41137162,4,1.0667832
41191947,2,0.37182254
41889976,2,0.06015587
43924679,0,0.23682262
23754395,8,1.297485
29651432,7,0.9293592
43944836,2,0.7336627
40029304,6,1.1864719
42987943,2,0.58143944
41109699,2,0.5013628
39898772,7,1.7872503
41967688,3,1.1961501
49544576,6,1.3435789
23511724,8,0.80017865
41191758,2,0.5089209
41156571,0,0.8332519
16745476,7,1.8081574
38216655,4,1.1798003
50354460,9,1.3397017
41110051,2,0.53032374
31118247,6,0.6514147
41968755,0,0.6973618
42968003,2,0.5183839
39832078,9,0.7684554
41868999,2,0.4132744
49545044,6,1.1569023
40579106,2,0.75509125
17157642,4,1.3854806
29651320,7,1.7548285
41884338,2,0.34678298
43937398,2,0.16962479
41884258,0,-0.07546848
41070818,3,0.80344355
43990284,2,0.16498832
29808182,5,1.0411433
50516020,7,1.7872503
43937412,7,0.8419437
41071050,2,0.53191817
42978809,5,1.1853795
31216239,1,0.9099134
43941594,2,0.6089026
41061082,2,0.3891763
50236963,8,1.530331
41926567,2,0.9553345
50237249,1,1.3570976
41973995,7,1.3726753
29604994,9,0.69407916
49743370,8,0.7960721
41883898,2,0.50512564
49544776,8,0.19065428
41915970,5,1.1756173
38023419,5,0.32690936
41871216,3,0.13154939
41974224,5,0.5207124
41140061,4,0.981143
49743394,9,1.3631023
41153627,5,1.1350819
50237473,4,1.0581475
31214214,9,1.9198396
50237689,9,1.0476431
42980815,3,1.2924339
41884065,0,-0.0092642605
40036995,3,0.9436012
23749827,7,1.13501
17033895,4,1.8702488
50473371,4,1.2731514
43937950,2,0.768389
23754076,6,1.3262283
23508703,7,1.0989599
49545747,2,0.5775679
17006009,8,1.6932819
49694526,6,1.0437044
41879704,2,0.64982027
49545126,8,1.1564535
40577314,4,1.179193
41071692,8,0.74297756
23493503,4,1.8702488
42969080,2,0.43956313
41867930,3,1.157226
41973372,3,1.4128066
41055929,7,1.3107364
41068261,2,0.50905925
39260174,5,1.4421117
44003988,2,0.6535607
49542288,5,0.9708
41918897,2,0.73581517
23754268,7,1.1655123
41866745,4,1.0983624
41152467,2,0.67368954
23509580,1,1.460209
41067977,1,0.8546985
23576609,8,0.9111702
31099745,6,1.3188927
41160760,2,0.6704683
49545555,0,0.34347755
40029418,5,1.1531521
41884262,0,-0.11130479
29651832,7,1.4549766
41061737,2,0.79929185
23747953,8,1.1211245
23509380,1,0.9793174
29651788,7,1.678278
31213220,9,1.489037
41868959,2,0.4414007
41160549,2,0.942014
41141551,2,0.6319039
16999679,8,1.9829581
41968804,3,0.9110608
17170108,6,0.99456036
40577100,8,0.9906095
41884463,7,0.41422743
39388581,8,0.39359406
29512073,7,1.7899228
49545087,6,0.87208176
43923304,6,1.4210753
43976512,2,1.2253066
41918449,5,0.9130151
17004346,8,1.9258263
49298673,4,1.274397
17154547,6,1.6380839
17005700,8,1.9375677
39637362,7,0.90868384
17154046,4,1.2982638
29489480,3,1.1494735
38999396,5,0.89056623
49444578,1,1.3828187
23510417,3,0.98814714
16746126,7,1.4853686
23438991,1,0.9808247
42969083,2,0.5659635
17187640,4,1.2624176
49743248,4,0.6488089
42982597,3,0.9808793
41884066,2,0.33322418
49437489,4,1.1052762
39388574,8,0.39808348
49410831,5,1.1621443
50300947,7,0.93032765
41927055,5,1.0183923
41136645,2,0.22505464
31081401,4,0.9192947
50479449,5,1.6761734
23512936,6,0.8355945
49743450,1,1.2799501
41164892,2,0.7916845
16997087,8,1.8717486
41887779,2,0.78577197
42968602,3,0.8356499
41059487,3,0.5630781
23754231,9,1.4760574
29651647,7,1.5451859
42979526,0,0.5437699
38023770,9,1.6130451
43989070,2,0.64100325
42978824,3,1.4309558
41061084,2,0.46421802
41923581,2,0.7836867
38044257,6,1.368993
41917547,2,0.5519761
41071863,2,0.45727575
41884648,1,0.8590922
42982345,3,1.1219494
49544799,1,0.4849096
41924601,2,0.8242949
50485439,5,0.80505073
16745747,7,1.9095228
50236964,8,1.5150579
16980288,2,0.74831825
49545622,1,0.9269636
50518034,5,1.5830005
49542262,5,1.1759646
41155447,2,0.9519248
41911483,2,0.4068186
41888489,0,0.27956563
41883521,2,0.3301605
42969286,2,0.9826071
50236009,8,1.1376246
50474006,4,1.7194848
41065593,2,0.6355452
30471545,4,1.7194848
23754462,7,1.2041484
48520816,4,1.2096723
41159447,2,0.64454585
23688924,4,1.2068665
41884098,2,0.6375996
50236179,8,1.1680907
39731239,4,1.0183828
23510831,1,0.55372494
41919742,3,0.76516443
38023757,3,0.7607029
41062217,2,0.6039596
41060773,3,0.71673113
42989376,7,1.145141
41134735,2,0.28669068
41162978,2,0.6220107
49426133,4,0.857309
43988382,2,0.87874556
49694986,4,1.1631687
50258336,3,1.0766114
41974552,5,0.9181176
43937759,7,0.51783913
31216204,1,1.4812188
23514117,5,1.0538794
41136726,2,0.37897205
43926082,0,-0.21853846
41869067,2,0.22784019
42981923,3,0.4158596
49544661,8,0.79832566
31212856,9,1.3253353
31215863,6,1.097464
50477160,6,1.5514399
50524361,4,1.1595154
23510166,8,0.8870282
30883104,8,1.2446615
50097547,3,1.1729016
29510658,7,1.5755519
50243538,6,0.54945874
29651087,7,1.8708174
16745401,7,1.7910581
23511125,1,1.513417
41134536,3,0.9872793
30744527,8,0.93593043
41884703,2,0.5236495
17006800,8,1.8471286
50390388,4,1.1245055
50363731,9,0.9654699
48528612,4,1.2096863
16686958,7,1.2734772
23511255,1,1.4003032
41080045,4,0.7207362
31238462,4,0.9148427
30872116,4,0.9684148
29605016,4,1.0982758
41132147,3,0.0069091916
49544822,6,0.73881376
43931467,2,-0.02624634
50235926,6,1.1999159
41164881,2,0.6592129
50458790,5,1.4228984
41919794,3,0.8781767
23478350,5,0.95736986
50237666,9,1.3543199
49946534,1,0.6065674
31213960,9,1.5146829
41967937,3,0.8285671
50236386,8,1.3841299
50245742,4,1.7701045
41911440,5,1.2993884
41926614,2,0.7096112
41137188,2,0.26597562
30871002,2,1.1329703
16745328,7,1.6150885
43945530,2,0.36284214
29510512,7,1.0179753
23511873,6,1.1594449
43989470,2,0.71390593
16745586,7,1.6200913
40029349,8,0.77290976
41969908,7,0.798949
41879710,0,0.48441058
38207966,4,1.1214925
41140329,7,0.7502647
50287197,8,1.1753018
23754097,7,0.9125246
49544852,8,1.5194283
41925867,2,0.5402133
41884676,2,0.6059454
23510660,1,0.8274882
29575361,8,1.204431
50102932,5,1.2500795
41968756,5,1.1099807
42986120,1,1.2163559
50237266,2,1.0839149
16745340,7,1.5706635
49726922,4,1.6051537
49544692,0,-0.049202316
17126177,8,0.6641099
23511334,1,0.5248303
41884271,2,0.14983454
31232548,4,1.7701045
40029219,8,0.4897219
41154038,3,0.15529202
41060416,2,0.39815316
30687033,7,0.9452859
43980454,2,-0.11000197
39018736,1,1.426048
17158049,5,1.6240246
43990297,2,0.18891141
41884264,8,-0.3305044
41890374,3,-0.12534003
41921624,5,0.74498516
41141350,2,0.8321106
17036672,4,1.7701045
23754063,7,1.1850717
43936655,2,0.36060792
41191767,2,0.67268664
41163446,1,1.1847832
49545939,3,0.1684068
49646647,1,0.96484417
41867498,2,0.60296226
41056348,2,1.2736042
39255831,6,1.0319471
31081420,4,0.84337753
17007664,8,1.729301
50300946,6,1.2578166
41110873,3,0.84232026
41884265,0,0.56733304
42979297,3,0.56327224
29651414,7,1.8164445
16999056,8,1.8656948
41867920,3,1.4255967
40029353,6,1.047107
41080046,4,0.88591594
23754320,9,1.2438061
49490666,3,1.1821554
43934445,2,0.14721629
49544504,8,0.8354788
41136647,2,0.6137286
29570950,1,1.2392657
17007658,8,1.4507871
23439031,4,1.2220674
41917579,2,0.6727835
50237711,2,1.3405063
50472963,4,1.9769979
16997680,8,1.5545232
41883126,0,0.4464431
41926570,2,1.0470902
40030692,5,1.0678756
50355088,5,1.2048287
16745813,7,1.663668
41927718,2,0.7335271
29576684,7,1.2980493
49743378,2,0.8677795
50258333,4,1.0235678
31212288,9,1.0022542
42979524,5,0.8363606
41868807,1,0.98702323
17007462,8,1.568638
41151541,2,0.4776448
41155859,7,1.225077
16804472,6,1.0248386
41867515,2,1.0017992
23754331,7,0.9454502
41866633,2,0.7380252
49411324,5,1.5285296
41113012,4,0.7095608
16745389,1,1.669362
50348455,0,0.2249345
39729625,3,0.5308584
42988536,3,1.1734772
41888262,0,1.017348
29651535,7,1.5736306
43996746,2,0.40647534
23855521,6,1.2006435
49743296,9,0.8442865
23754401,7,1.6189003
43989113,2,0.0241196
41973373,9,1.460732
43945872,0,0.4965638
41867712,3,0.520208
41191969,8,0.57460564
50097572,4,0.9997134
42982025,5,0.5499154
50517991,5,1.6880841
39388589,4,0.57593036
16980292,8,1.3329835
16655454,4,1.6281518
41928215,3,0.608387
39481401,1,1.8974419
41884711,2,0.40363514
16998983,8,1.751081
50236418,6,1.2888733
23496150,4,2.006379
43984582,4,1.1645731
49718322,4,0.753335
29651679,7,1.8817164
42968561,7,0.6890802
41867698,2,0.5166017
42986535,3,0.61633
41971165,7,1.0571238
38065285,4,1.6636294
50456386,9,0.63334227
41070415,2,0.3594315
50237514,6,1.1368772
41112691,3,0.4228062
50136195,4,1.1881651
29510710,7,1.4395019
50243287,4,1.5030891
31214759,9,0.6275188
41106779,3,0.1535534
41925858,2,0.6458032
49545942,8,0.41039124
39496659,9,1.3652772
50237499,6,1.349764
41968593,5,1.2210497
41141593,3,0.70425034
49544857,8,1.4653263
41056165,7,1.287024
43996355,2,0.59105647
41867868,2,0.918345
31215723,9,0.8522825
38130335,4,0.9737487
42969255,2,0.26574683
40583240,0,0.21423769
41064658,2,0.6710818
41971406,5,0.23646364
41070993,0,0.39765552
43993004,5,0.9577681
23480706,5,1.5690978
49882058,4,2.006379
49544601,6,0.71550614
41867511,2,0.74138474
41153783,2,0.9617536
17008033,8,1.9271168
23684530,3,1.0602583
43937407,2,0.7629555
41867704,2,0.7167726
41061050,0,0.5367678
23754078,9,0.853932
41917409,2,0.39260456
29651456,7,1.8449421
17130310,1,1.270044
41191833,2,0.20729849
50477186,4,1.800919
49544729,1,0.6160068
41923197,3,0.3979625
41106355,3,0.9324446
41164464,2,0.4262566
43990331,2,0.6071035
17135475,5,1.0305547
29651345,7,1.9050767
31124042,1,0.86683726
41891320,2,0.2977785
29680482,4,1.9526105
50511619,9,0.84153914
42969325,1,0.42832047
50236021,6,1.3515065
50237259,9,1.7476014
50464160,4,1.9526105
41868814,1,0.8887339
41078879,0,0.4470998
49544880,6,1.3759242
41925929,2,0.71723795
50466990,5,1.5040493
41131713,2,0.4148177
41056202,2,0.49694514
16655449,4,1.3420625
49674506,3,0.7017115
50236184,9,1.3875456
41131880,2,0.46534365
50517994,5,1.6104891
43984998,2,0.28907317
41134250,4,0.88761556
41136730,2,0.32093787
49544878,6,0.93976367
49243054,5,0.6954526
39255783,6,1.0960755
41970326,1,1.4070648
41873559,7,1.6039771
41890399,2,0.2520128
30881602,7,1.3939909
50136194,4,1.2258649
41926017,2,0.5320564
23509595,1,1.5216076
42968986,2,0.5972178
41870333,8,0.7151108
41884514,2,0.5670542
42969337,2,0.49517637
49539316,8,1.1403184
41968232,3,1.4654241
50424577,9,1.2496182
41870479,7,0.66944015
17150194,8,1.3509259
41066465,3,1.0164493
38023792,5,1.0635579
17170100,6,0.65139556
42969253,2,0.603907
41062213,2,0.25389937
39836244,6,0.717047
42967257,7,0.5249487
49544666,1,0.8100578
29651188,7,1.6975492
42980814,9,1.495462
49414627,2,0.9295
41134297,2,0.5674472
49545569,0,0.22907086
41927691,5,1.2919754
16756424,6,0.82303536
50231129,6,1.5556064
23678179,4,1.4336895
41136650,2,0.5807972
50482746,6,1.7320663
41887190,2,0.8862858
41884067,0,0.649374
49762719,6,1.0956415
43937348,2,0.73013836
41887197,2,0.46335644
29651169,7,1.8355235
50258306,5,1.1828405
50236419,6,1.5486678
41191614,2,0.5930688
29651793,7,1.6268799
41883508,2,0.5672683
16782705,5,0.85262036
49545434,3,0.96273774
41887433,2,1.0133429
31213209,1,1.6419872
41191946,2,0.20498584
41132146,3,0.4854383
29575377,7,1.528288
41141390,2,0.8019554
16998176,8,1.7359465
41134522,3,0.91375023
43982122,2,0.70511866
42989171,7,1.1276783
41868812,1,1.1245091
49704911,8,0.8760488
50102935,4,1.4040191
43931474,2,0.83900666
29651053,7,1.8584768
17184356,4,0.862442
29651904,7,1.9966476
50236022,8,1.1786805
41972530,2,0.6670403
40030689,9,1.4872589
23512566,1,1.541244
49647060,4,1.4687251
41883454,2,0.6233403
41887817,2,0.35276714
50287117,2,0.82454395
17007857,8,1.7719014
42985758,6,1.4028366
41106591,3,0.52120996
41134252,4,0.99982864
41136693,4,1.1512619
50518012,5,1.5386145
41917418,2,0.44876665
17008384,8,1.8513024
41191818,4,0.42456165
23754216,0,1.2122003
41871203,0,0.6288087
50097512,5,1.4290447
23754527,3,0.94184387
16811526,6,1.4441524
41140918,7,1.2803955
41883913,2,0.38756615
17004390,8,1.8573892
43945451,2,0.22393201
41919783,2,0.62752616
41112246,3,0.41212946
50484982,4,1.9084934
41059092,2,0.46644694
41974582,5,0.3331162
43937371,2,0.3320691
41967677,0,0.43849117
42980026,1,1.0816386
41971000,7,1.5479666
43923448,3,0.07420389
23478380,4,1.0364416
39820841,4,1.3116345
41059655,3,0.8333399
16999724,8,1.8619939
16999042,8,1.8647547
16999687,8,1.4215842
29650691,7,1.134137
42968217,2,0.5506034
31213391,6,0.9456792
41059485,3,0.61738646
48706465,5,0.98792857
50237448,6,1.3201634
43978259,2,1.1090467
49539717,2,0.35673517
16745858,4,1.4941872
49444526,5,1.0089011
49437494,4,1.3306422
50411241,4,1.9084934
17004230,8,1.8259887
50236437,6,1.088495
31215509,7,0.6578178
39254531,5,1.5183372
42987940,5,0.6028662
17154031,4,1.3693484
42990232,3,1.132333
41070416,2,0.4946428
41134132,1,0.8948672
16904727,6,0.7674557
41884138,2,0.6444907
23509669,1,1.2796712
30870971,6,1.1213166
29651563,7,1.8553071
23509811,1,0.80407923
42980143,3,1.0857176
41166666,7,1.1931785
41131896,3,0.34045154
31214767,9,1.1432756
49647086,1,0.6970889
23754610,5,1.054633
29767981,9,0.64992934
23512575,1,0.9308301
41972681,3,0.70991933
41970643,7,1.2628031
17007459,8,1.7301867
17157936,4,1.4414728
41969930,0,0.4899506
41889383,2,-0.09220973
41969100,6,1.3103902
38957828,6,0.413309
41076105,2,0.80519694
23514459,1,1.3226473
49702746,5,0.6407336
16804487,4,0.4858041
41134455,3,1.108591
42986480,0,0.68980885
16999900,8,1.5344537
41076103,4,0.77930456
40029410,5,1.0242597
41871212,3,0.19222943
41078926,3,0.3610868
41153816,2,0.6807939
49242991,8,0.9108016
41873603,7,1.504815
23528486,4,1.457179
23513484,7,1.623462
16938827,5,0.9952426
16745400,7,1.79285
38044162,7,1.2407476
39832100,3,1.2162673
41879258,4,0.81804276
43986959,7,0.7933719
49242874,8,1.1479045
50287600,5,0.6061645
41869100,2,0.3287518
41140704,0,0.46868965
23511054,1,1.5359867
30870949,0,0.83543766
41966634,2,0.39295286
41914114,2,0.49003685
49727546,6,1.33397
49545802,8,1.6532024
50348597,1,0.9299649
41884315,0,-0.06922817
31214629,9,1.3725089
50287114,7,1.3769252
49695426,4,1.2001259
41926411,2,0.9698125
41156638,7,0.47766456
50097577,3,1.147477
50133127,6,0.42944026
41064675,2,0.80886006
41924773,5,0.8796443
41061323,2,0.7741148
23456704,4,1.6607268
16747194,1,0.84897864
23510639,1,1.0926338
41965298,3,1.1718485
43987728,2,0.86351824
50359518,4,1.0431205
40586466,2,0.50928134
43934443,2,-0.12671222
41134519,3,0.6857744
41919741,7,0.7265192
41136877,0,0.7131678
49544825,1,1.2934673
41163042,2,0.39441007
23496203,4,2.1745334
41884847,2,0.7832673
49646632,8,0.83930236
23754308,5,0.98548055
16745397,1,1.1343244
41971830,3,0.8588427
41161247,2,0.847771
41970055,3,0.9185419
50236155,8,1.6196406
38216558,8,1.0493071
41141180,2,0.96480644
16999916,8,2.1217837
42985548,3,1.7053964
31081422,4,0.85975057
39018240,4,1.3931782
23512372,1,0.6997897
50237466,6,0.8333039
39177490,9,1.3702768
29527945,5,1.4215786
38216692,4,1.3273565
23754085,9,0.9382168
41071281,2,1.0316643
43932185,2,1.108675
29808179,2,1.6104885
39638142,6,1.2606804
23754205,6,1.0913801
31214175,9,1.4749498
39206976,4,1.5590985
41870084,8,0.8210308
41056414,2,1.1366229
16804549,4,1.0497104
39820822,7,1.2823789
42979096,2,0.123576425
50336586,3,0.73275214
50136192,4,1.6539402
42987941,2,0.9498113
29511619,7,1.9542844
49544809,3,1.0492096
41060438,8,0.6976483
39493012,1,1.1219547
50287194,4,1.6299255
41061079,0,0.581915
30881313,5,1.0382
41971364,5,0.33354446
41974197,7,1.4418801
50354653,3,1.8103871
16997092,8,1.9048872
50319069,4,1.7292652
41866747,5,0.8324909
23754273,7,1.6152192
41110053,3,0.5341962
29650890,5,1.2552693
39636205,3,1.0367413
41155253,2,1.051848
41914105,2,0.60245353
39255632,5,1.2640553
16745456,7,1.6117173
16745599,7,1.6826812
41921019,5,1.1000799
41870875,8,0.6146835
49544984,8,1.0889397
50237676,9,1.4532489
41969113,7,1.3246856
43941828,2,0.85377455
41884301,1,0.42828727
50331617,4,0.94642043
23747905,8,1.4397025
41870646,8,0.4614334
31213810,9,2.033258
41141341,4,0.35628992
41154834,2,0.65118
23512980,8,0.9029975
41134240,2,0.7463486
41070819,2,0.7742007
23509750,1,1.0756699
41884248,3,-0.106411606
23754223,8,1.2324687
50518021,5,1.5416933
38967619,4,1.3882271
41971749,7,1.3984882
41141227,7,1.1426407
41915154,2,0.59183264
41917541,2,0.6160518
41970133,3,0.8227293
23754086,1,1.2526636
41870643,8,0.7499145
41883118,2,0.7824979
23482093,4,2.0130215
50354652,3,1.7602692
50097576,6,1.3234779
17041606,1,0.79192877
41970509,3,0.85022104
41168934,2,0.9527424
50204080,5,0.5419404
38061069,2,0.86578137
16655455,4,1.605403
29651135,7,1.9745588
23754291,7,1.4511206
50360275,4,1.5511211
41921555,5,1.1720886
23511683,4,0.9031966
41870133,8,0.2654253
50518036,5,1.3914106
50517965,5,1.122291
41112242,2,0.24902894
31213597,9,1.0320842
41870120,8,0.8859044
23754146,7,1.1047446
23511914,4,0.9629164
41134121,2,0.8678506
42969290,2,0.5306488
41870732,8,0.787192
39831964,4,1.4949452
43943814,2,0.769115
30691034,1,0.05077961
41968780,3,0.5882088
41967063,7,0.6249296
49544986,1,0.52424955
23689126,8,0.6777232
39254590,5,1.4549875
38066057,1,1.1139157
16861458,1,1.4553357
29651357,7,1.7112684
29680817,8,1.0070914
40029358,4,1.1302683
41113213,3,0.59648466
41078664,3,0.96689963
49544836,6,1.2875233
41968431,5,0.642169
41065796,0,0.5392643
39254684,7,1.2467816
42986641,6,0.8799092
23492634,9,1.028446
41969892,7,1.4429755
17007117,8,1.6757274
41883445,0,0.3975467
41162159,2,0.7632223
31215441,9,1.3080957
41890163,2,0.46183187
49435521,4,0.59880006
29650670,7,1.4946642
17154045,4,1.6632025
41137001,4,0.49218214
41113165,2,0.5657243
49531140,4,1.2956864
41920498,7,1.3462
49544933,8,0.99003565
50441831,6,1.4930081
30697853,4,1.3945929
39218956,9,1.5098102
49743423,9,1.6391959
39255584,5,1.4912624
29651287,7,1.1190048
41884517,0,0.37479258
50518003,5,1.7537398
49701281,4,1.1244519
41867528,3,0.6594765
41921550,2,0.8667098
49544945,6,0.43766543
17007499,8,1.9432178
23754180,9,1.3500483
41112087,2,0.5838833
29651792,7,1.3671863
50231125,8,1.0448742
50332364,9,1.5701753
16862190,4,1.3837805
49718347,6,1.3001666
23446348,4,1.6512908
29651683,7,1.6943339
41137028,4,1.1583252
23446374,4,0.8145888
41890003,2,0.70486546
29651215,7,1.7550753
41070820,2,0.69046783
50354424,6,0.87847716
23511190,1,1.4060035
42988641,3,0.6555233
41883525,2,0.46230915
41166305,2,0.747917
17003576,8,1.9183426
41166300,2,0.52247083
41152515,0,0.8529897
17041600,8,0.865336
41873374,2,0.83328074
23510406,3,0.8115883
50262139,6,1.5853412
50481023,9,1.1751583
31125312,3,0.73829544
41924173,2,0.331128
41887145,2,1.0972996
41070388,2,0.5427545
42984917,2,0.49401063
17006963,8,1.8417562
41064449,7,0.7424582
23576747,6,0.6700213
39321958,6,0.65117383
43926085,2,0.5851418
49704878,5,0.8822659
41970864,7,1.2599112
50237475,1,0.9327655
17072238,2,0.563439
31215877,1,0.9845467
41920248,5,1.1808239
41884111,2,-0.25140572
41873372,3,0.77292013
16997247,8,2.052238
41166717,2,0.43799344
16999727,8,1.9210596
42967531,4,0.7174041
41972865,1,1.1761498
49545134,6,1.2511451
41973360,7,1.2120593
38126966,6,0.99942863
23510413,9,0.83673495
29651578,7,1.7644762
42969293,9,0.9722487
41134457,3,1.1238188
23747119,4,1.9273965
39729626,5,1.0995929
49426538,1,1.3318204
50518015,5,1.6636703
17004621,8,2.0692647
23689347,1,0.6608056
23754267,7,1.3914727
41971199,5,0.16695285
50480308,6,1.1790309
41867658,2,0.6816672
41883125,3,0.4814504
40029362,4,1.6753626
41867884,3,0.80336905
41134720,2,0.14460753
50245745,4,1.9273965
29650943,5,1.092137
16997871,8,1.7639431
41141391,5,1.1124312
41064857,2,0.94068325
49544679,1,0.9478375
50331341,3,0.1891297
29651527,7,1.735973
42979493,6,0.70136166
41972696,2,0.66951156
50236804,6,1.3821409
49544538,1,0.6423013
42983738,3,1.3553984
43945522,2,0.32260472
16745563,7,1.6060228
43944775,2,0.48857826
41160772,2,0.86616266
41073735,1,0.39084196
41867869,3,0.82139105
41870899,8,0.275868
29575203,5,1.1866552
43937984,7,1.6620023
41870330,8,0.49285698
16745373,7,1.6524429
41884462,2,0.41077197
44004000,2,0.8074048
41973366,6,1.246923
41870866,8,0.71822023
43978699,2,0.27599713
16997047,8,1.696214
50357030,9,0.62098324
42986091,9,1.369105
41153630,2,0.83471465
38174405,6,1.0514057
23514076,8,1.0129532
43975806,0,0.46657366
41140881,3,0.84407115
41917591,2,0.5525023
41918263,2,0.55695283
41884738,3,0.06519729
41918304,2,0.9136752
49412759,4,0.6381998
41974026,7,1.3668303
29511396,7,1.3600118
41136904,4,1.1204319
23754513,1,0.8028117
50236547,8,1.6290413
41155446,2,0.7146431
50097573,8,0.8223751
41883495,3,0.43977934
50237716,6,1.1950564
41071290,2,0.35921448
41883905,0,0.9612721
41969926,0,0.7399727
41162954,2,0.35600585
41968592,5,1.1241174
41867507,3,-0.076322496
41928605,2,0.9330086
50236187,8,1.3388803
50469487,6,0.8847873
49545095,6,1.0732334
41141234,2,1.2083259
50514690,4,2.0391681
43945643,1,0.44469723
29602689,6,1.1671629
17070285,5,1.2609532
16682717,4,1.659465
50253253,9,0.745943
50204077,5,1.1175528
42978772,0,1.1429224
29808184,4,0.67751473
23511594,1,1.2094957
42980811,3,1.4778152
49743371,8,1.159188
41140919,2,0.51052725
16849279,8,0.82674783
41152908,2,1.2128206
41166263,2,0.8539015
23576746,9,1.5325999
41867473,1,0.85343766
50236024,6,1.1951083
41924005,2,0.83433896
29605041,4,1.0116956
16804561,4,1.1199304
41131882,2,0.5003723
17280461,7,1.0740945
38985109,6,0.9904867
43934320,2,0.8676715
30872119,4,0.9560793
41076139,4,1.1328814
49545027,2,-0.09922105
49544930,8,1.1335589
41926990,7,1.363054
41137007,3,0.80712235
23684517,6,0.8576313
41928558,5,1.0857819
38216699,4,1.4030895
41966340,1,1.1464475
49700847,4,1.6286913
23492625,9,0.7909402
41879845,2,0.84223306
16745349,7,1.726387
42979859,3,1.2512627
31215440,9,1.1138036
41068265,2,0.9602767
29651183,7,1.8677816
41973986,7,1.3321284
41968595,7,1.1115445
49305798,6,0.9912118
50467076,5,0.5317247
23448951,9,1.4732722
49647061,4,1.251173
38216708,5,1.1182303
41141186,4,0.9630517
41867887,3,1.1698804
41870295,8,0.09291248
49545132,6,1.2301419
23476201,1,0.92265105
49646513,5,1.4135134
41160762,2,0.6735792
49764004,6,0.87933743
49545906,8,1.0538354
41870873,8,0.32544518
23428150,4,1.2106568
38216624,4,1.390183
41867855,2,0.4624018
50363146,1,0.89298373
41110872,4,0.425344
23509970,1,0.71612334
49763441,5,1.1327634
23512760,1,0.9504855
41136917,3,0.34470642
29651164,7,1.7669386
50097546,3,1.3016541
23754369,7,1.3225354
43980483,2,0.603655
42987199,3,1.3844848
41162953,2,0.2859931
49743270,2,1.2643124
49545805,8,1.6408457
29651285,7,1.5548568
23528689,9,1.2897788
41165782,2,0.3309729
41873561,9,0.9711559
42986519,0,0.3353238
50471036,4,1.9644686
41879881,2,0.82387906
41884856,2,0.47634792
29650159,9,1.3123316
49743420,9,1.7642868
41165418,0,0.7478559
49646554,3,0.9271544
23754199,9,1.0176727
31215902,6,0.7550489
41967100,1,0.7715105
41162412,2,0.85702026
42983059,3,1.2186741
49545972,1,1.2687941
42969282,2,0.75963014
41136737,2,0.54506016
41155686,5,0.81696355
16999732,8,2.110334
23614327,5,1.2766804
41926771,2,0.5785654
43988395,2,0.8015203
41164705,0,0.5322796
23509829,6,0.70845115
43979949,3,0.271384
50258231,9,1.1425052
16999653,8,2.2188895
49545024,1,0.3764055
41141540,2,0.74260795
41888851,2,0.44758955
41137215,4,0.575296
49539323,0,0.8215542
49541970,5,1.199198
39820636,3,0.81373596
23746941,7,1.3071758
41079637,0,0.5107137
41160761,2,0.4003666
41911257,3,0.96505105
16923426,6,1.3513113
41927334,5,1.1486764
41884498,2,0.29316416
23810672,4,1.1810846
29651409,7,1.8229852
23754501,7,1.3852768
23511483,1,1.1707824
42978162,6,1.2133291
29651423,7,1.9296188
31215872,0,0.75314814
16999487,8,2.0601897
41879663,2,0.73801744
41919032,2,0.6081249
42980807,9,1.6726807
41136914,3,1.0987678
41134445,3,0.6147461
41056014,2,0.76860595
38043484,8,1.421802
43977408,2,0.75829506
49860032,6,0.9818234
16804557,4,0.7873986
49545091,6,1.0291054
29651496,7,1.5693278
41926566,2,0.84920007
49545040,1,0.7650511
23511645,8,0.81445307
41167232,2,0.66868436
41970324,9,1.5308203
48529764,5,0.7563503
41918264,2,0.8773107
41974208,7,1.549098
49881588,8,1.0514406
41161914,0,0.7942292
49743449,4,1.037586
50518024,5,1.6646216
41867909,3,1.0426972
41867895,3,0.660799
50136207,1,0.88117206
41191830,6,0.025162026
23512572,1,1.3463361
49544935,8,1.2472657
50387053,7,1.2914363
50518026,5,1.3102624
50237075,9,1.0922751
29651494,7,1.4435294
41868796,2,0.71554893
17154023,4,1.4310243
40029412,6,1.2852117
43989139,2,0.5001481
49544660,6,0.80503666
39905324,4,1.2487582
23600409,3,0.75253737
23512776,1,1.3071244
50136707,3,1.165995
29651548,7,1.662144
23754115,7,1.4880655
41888077,2,0.47574186
23754344,7,1.2140255
17006169,8,1.9977999
49743249,4,1.1980629
29651027,7,1.4739636
49705079,4,0.5432162
29651096,7,1.3722726
41970325,1,1.478966
40030681,5,0.7524745
39257284,5,1.2560191
43935765,2,0.8516621
41884528,2,0.5555948
23512301,1,1.4145839
42985010,2,0.83405906
49743295,4,0.9000021
41071732,2,1.1562189
50357029,6,0.78797805
41131662,2,1.3060482
41163520,2,0.74922556
50136995,4,1.6821103
50237313,2,1.0907925
41883130,3,0.580918
41136736,0,0.603989
41108632,2,0.48055863
31215487,9,1.6051564
39251849,5,1.7134085
49544529,2,0.53049964
41140869,4,0.6964736
49544855,8,1.149226
23576620,3,1.0620532
41884113,2,0.2524624
41883332,2,0.16480005
50236622,8,1.1218659
40029413,6,1.2886918
17126132,7,1.3903852
41134108,3,0.75331056
49545624,1,0.78402996
41880439,5,1.3091697
49539761,2,0.9654963
31213186,9,1.2927406
49611455,4,1.3747816
50236619,6,1.2975037
41068922,2,0.3929425
49743381,2,1.1302309
38216525,8,0.8520708
41883906,0,0.16427937
50133769,1,1.2806717
41140048,5,0.7961893
16745244,7,1.4382212
16764455,4,1.310938
41870078,2,0.40465307
49646642,0,0.8469714
39691243,3,1.1047392
17008018,8,1.7037133
41161440,3,1.0425195
29651636,7,0.6807099
49743366,9,1.0055816
23593065,1,1.2139444
40030677,5,1.438457
17004609,8,2.0817616
30687130,6,0.9182521
23684470,9,0.5403607
23754150,7,1.5091872
41162038,2,0.75690776
41884477,0,0.3728727
41131883,2,0.5886769
42990156,1,1.3947034
50458568,7,1.5750674
41870848,8,0.32309788
17126126,9,0.98728055
38057227,5,0.94699997
29652595,7,1.5750674
16736454,2,1.3507226
41884449,0,-0.060602367
16682708,4,1.0769011
50237128,6,1.1784368
39260464,5,1.3928523
29650990,7,1.7536627
48531481,4,0.64781576
23688953,4,1.3259177
30870998,6,1.5306164
49545524,0,0.26622012
23511557,1,1.0928577
42983503,1,1.2213105
17129514,9,1.354309
39873583,3,1.0538574
41056207,3,1.0786
41917350,2,0.8445396
41112686,2,0.38534147
50245740,7,1.5750674
38187383,3,0.83679974
41890159,2,-0.360547
31100343,4,1.1212045
42986690,2,0.7681693
41884702,2,0.38302088
41136875,2,0.636162
50364692,4,0.45712936
49647071,3,0.47877672
41153034,0,0.6399852
41137005,2,0.81514275
40029345,8,1.3229358
39728763,5,1.211893
50133764,4,1.258355
41924549,5,0.8726622
41889187,2,0.24315432
50456284,6,0.95048666
29650996,7,1.4039308
38057937,9,0.85312474
29651294,7,1.7234008
39018509,1,0.944394
16999901,8,1.9140817
49545118,8,1.1257824
16745594,7,1.5715114
41968543,5,0.870134
49701210,3,0.8730533
23747945,8,0.9556308
41137239,2,0.48411742
50195036,8,1.1273891
41060759,3,0.464003
41971610,0,0.06808844
42986719,2,0.83300364
41966585,3,0.7253802
41112318,2,0.76898193
31213781,9,1.3449305
29651482,7,1.839627
41883279,1,0.8480047
41080481,3,0.8674208
38216753,5,1.7489455
41869048,4,0.51942724
41063727,2,0.5702038
23754446,7,1.2553263
23512365,1,0.76464105
50136710,4,1.415988
50360276,4,1.7783241
16849176,4,1.488996
17007505,8,2.088749
41110875,3,0.6947199
31212301,9,1.3667469
16672422,4,1.2492697
41867880,3,1.1045747
41866743,9,0.99216443
43945536,2,0.8779895
41060617,3,0.08996641
29650852,5,0.9874415
50243780,6,1.6041458
41888845,2,0.16333903
41059914,2,0.6825197
30690880,6,0.46346384
41137206,2,0.82234144
41153183,0,1.0021981
41926201,2,0.6115056
41168261,2,1.0421834
41867850,2,0.4968663
49544834,6,0.99831474
41967110,5,0.637715
50236369,6,1.2674601
29651331,7,1.8999819
31215914,1,0.8900828
41134521,1,0.554353
41916273,5,0.77826977
41868974,2,0.63852894
43944799,2,0.41680148
40029347,6,1.3354298
50231123,8,1.3159994
41153031,2,0.52660394
49545779,6,1.4695476
41136870,4,0.38121662
23513195,6,1.2325492
23476978,2,0.8914527
16999861,8,1.7081673
41924824,5,1.3737191
17008235,8,2.1088614
41887618,3,-0.005303696
41967925,6,1.1380645
17003823,8,1.822156
41141435,5,0.69293267
42983315,3,1.478599
43995529,2,0.8434596
16685064,3,1.0314738
30744504,5,1.1928655
17170113,6,0.9404168
23509793,6,0.7877145
17156632,9,0.99716306
23511916,4,0.9975725
39016596,1,1.2423846
29651654,7,2.1167755
49695423,4,1.4597449
50262143,6,1.3805041
16745299,7,1.8557836
23510177,8,1.1587468
50479894,8,1.0961521
49544862,8,0.8103616
42988495,3,1.1880832
40575271,2,0.5765309
41912358,2,0.75754815
16980355,9,1.6036284
17130302,8,1.2600487
41975063,2,0.9792288
50517996,5,1.5938578
50287189,3,0.6227056
41970534,7,1.7546707
29651055,7,1.9399974
41156570,7,0.5453769
43943583,2,0.9817752
41134257,2,0.9354109
50236225,8,2.01356
41136889,2,0.7978403
42967861,2,0.77235377
29651293,7,1.904299
23730824,4,1.391362
23600707,7,1.0795294
49702420,3,1.0393732
23689352,4,0.4615293
23510951,1,1.1649057
41974195,7,1.4386779
42969250,2,0.7006906
41141354,2,0.9874614
50237265,1,0.74333537
49545807,8,1.6121668
29651363,7,1.1022573
30687030,5,1.1307329
41884329,2,0.5896737
39051750,6,1.541969
23510799,1,1.1082945
41884117,2,0.5176684
31214824,1,1.4178965
39254739,5,1.2661648
17068604,6,1.1210973
41890206,2,0.20312777
29650149,4,0.6568071
23841524,3,0.78980017
41924993,5,1.0980619
49544570,6,1.3287286
41152918,2,0.46666193
23514472,9,0.96502906
16893728,6,1.5588425
41056011,7,1.3925607
40029376,6,1.0754974
40029273,9,1.2704818
16682699,4,1.3092353
42969247,2,0.3795792
41137029,4,1.1646428
23730854,9,1.4070648
41969707,5,0.46405548
49444568,3,0.9284767
50518018,5,1.5744755
41886885,0,-0.18822014
42967864,2,1.0398194
39387178,8,0.69859385
39260279,5,0.8960245
17006973,8,1.8364584
29511590,7,1.9342477
42984126,2,0.47147518
16745447,7,1.4111576
50253482,8,1.1953435
41870268,1,0.114793
16999929,8,2.0332494
42988127,0,0.5370121
42984641,0,1.0156107
16997124,8,1.7620435
49542115,5,1.2022386
50390468,3,1.0604715
48706466,3,1.0087302
16861456,6,1.4377917
50480411,4,1.2933617
29575561,7,1.4303566
31212499,9,1.6232257
43923449,2,0.2296453
41884275,2,0.033206955
43980452,2,0.16078866
41927452,2,0.97590226
41136848,2,0.3690728
49427823,9,1.4479306
39254483,5,1.6869789
41107058,2,0.9632097
41867677,3,1.1286415
50359517,4,1.2065539
41869273,3,0.5015549
41968190,5,1.1949148
41870132,2,0.56734693
29651750,7,1.6086612
41166070,2,0.74017984
29651080,7,1.7789094
50136984,5,1.1043187
41917554,2,0.79852015
41134733,2,0.7017454
41879448,0,1.3821611
41887237,2,0.790411
50237302,2,0.83448255
41915594,3,0.1592804
31214206,9,1.8626231
41112479,8,0.90141606
39255761,5,1.97546
41134118,3,0.92148864
17003628,8,1.8172965
23512954,1,0.70101285
49441345,6,1.4119098
41969339,7,1.4631013
38050350,3,0.9554491
50441807,6,1.2388813
43996345,2,0.20393066
16899813,4,1.2754493
41161134,1,0.92427224
41966185,6,1.5043011
41080873,2,0.49002957
23512512,1,1.4889938
23511080,1,1.6585188
50468986,4,1.9167619
23754329,7,1.1838853
41065543,2,0.64037824
31213584,9,1.0893483
42978177,6,1.4707378
41066688,3,0.9169898
43944564,8,0.8759755
41920868,5,1.1401623
31214603,9,1.4228833
17154981,6,0.9138118
41066110,2,0.8235772
50466988,5,0.7283486
41080240,1,0.6572822
41917546,5,0.4428634
49243827,6,0.7590208
50467090,4,1.8527503
50474011,4,1.8527503
43937570,2,0.28558266
41067430,3,0.09871426
49544563,1,1.1631287
41141555,2,0.5730779
41067622,3,0.13934472
39688670,2,0.6469007
50331338,4,1.232446
30471548,4,1.8527503
16745636,7,1.6312658
41868781,3,0.87193775
42987203,1,1.3573561
16998160,8,1.7488815
41070968,0,0.20231315
41917035,2,0.54016316
23754515,8,1.0514122
50387048,1,1.1063594
49743385,1,1.4909513
41883285,5,0.46012774
41058763,4,0.8207981
41917552,2,0.6514086
41969920,0,0.8843936
41076110,4,0.66070896
41884110,2,0.3175407
41141387,7,1.3233172
23864193,1,1.1516056
41917195,5,1.0576195
40568546,2,0.59219956
17007470,8,2.3877034
42979487,3,0.5822555
29650524,9,1.187833
49647088,0,0.49146926
41131869,2,0.16540869
41884500,2,0.021117792
42967910,2,0.50875556
29651001,7,1.8442836
41191604,5,0.18755652
16745347,7,1.6669704
38176627,3,0.14170942
49647082,1,0.97566247
41884513,3,-0.2934549
49647080,0,0.38769704
16686955,9,1.1358513
41968553,7,0.6409267
42979087,5,0.60285866
40030688,9,1.5359478
49646620,9,0.4074871
48531479,4,0.6487481
49544539,1,0.46717697
41140071,7,1.0213587
41870056,8,0.4325513
16655315,4,1.2086539
41106784,2,0.74778163
41921586,5,1.2284688
40029430,6,1.3178413
23841508,1,1.1296406
49647054,5,1.5732882
49305801,8,1.2491145
29511802,7,1.5110255
41161442,2,0.7986193
23509144,1,0.99598706
31215497,9,1.3844357
39832754,0,0.86945176
16745246,7,1.6971636
41152464,2,0.9689289
41141394,5,1.2565442
23754098,7,1.5592883
43995104,1,0.7684312
16997090,8,1.3669049
41134292,2,0.9014793
42968824,2,0.65287507
29681839,4,0.8734335
23754087,7,0.89027023
16997279,8,1.5924704
42977929,3,1.6390263
50518022,5,1.7983588
49545903,4,0.6734981
50424582,4,1.2299575
41056038,2,0.7400529
23754388,7,1.5534956
42967252,2,0.41901174
49426549,1,1.179374
16997253,8,2.1102812
23689082,5,0.5205974
41883124,2,0.40303132
41884689,2,0.7060375
39252177,5,1.123094
23864184,3,0.9434559
31213817,9,1.7600467
23747894,8,1.0938696
49544658,6,0.9079603
49647064,3,0.8137112
23754228,1,1.4022074
41141547,2,0.98789716
38216702,4,1.5564563
29650942,7,1.3813568
49859756,1,1.3978616
43981837,2,1.0478165
41922512,2,0.91937137
16687049,4,1.1143813
41159889,2,0.6443018
31212128,5,1.4822698
31215485,9,1.9914016
29651092,7,1.6732423
50511615,3,1.2808741
31215531,9,0.6325193
41871415,4,0.65773904
41166699,2,0.70500344
49437521,0,0.76309305
41140892,4,1.4266616
43996780,2,0.5433671
39833285,4,1.4099743
49646636,1,0.7646421
16839650,6,1.0784327
44005730,2,0.9853791
29650162,6,0.95652705
41867728,2,0.5042418
41141347,2,1.0246106
41969893,7,1.3793821
39677184,4,1.439629
41880428,7,1.1199327
43932147,2,0.72867966
41131895,0,0.28736722
23511278,1,1.0858226
39206292,3,0.88421875
41925912,2,0.79291356
17007472,8,1.9889684
29509731,7,0.961609
38985135,4,1.3880718
50102986,5,1.2475249
49444584,9,0.48588985
16997045,8,1.7447281
43983371,2,0.3536054
39832104,3,0.9311733
39252270,6,1.3398678
41166304,2,0.5157789
29651491,7,1.6362202
41884843,3,-0.14764935
23511651,8,0.9198857
50466868,6,0.989627
38216697,4,1.2996852
41920499,2,0.69110173
41152077,2,0.7549116
23754226,8,1.2869396
49544566,1,1.1993308
42968358,2,0.6038933
41911518,2,0.7703487
43941755,2,0.28962728
40030686,6,1.3485103
23754201,9,1.140373
31212260,9,1.2085314
38044324,6,1.469962
38050925,6,0.7877296
43945282,2,0.5093496
41969934,2,0.74523896
16746118,7,1.6210785
41884306,0,0.07667291
49647108,7,1.4468307
29753100,4,1.8502922
23512414,1,1.0494589
50515116,4,1.8502922
50354648,6,1.3335271
41060403,2,0.67223376
41928563,5,0.9826445
43988431,2,0.15307948
41969896,7,1.1604725
31213235,9,1.4121095
41056214,2,0.8241105
41134640,3,0.17102815
31071607,6,1.3703411
41166729,4,0.8800131
29575570,7,1.1394409
41137039,3,0.8221977
41926412,2,0.8637918
29651426,7,0.985282
16746076,7,1.5980225
42986282,0,0.21646217
41134480,2,0.899968
49451264,8,1.1922233
42982218,3,0.69848967
39250551,5,1.1528193
41867448,3,1.2913315
41972691,3,0.7454357
44004012,2,0.81307864
39911514,4,1.1291643
23754518,4,1.4239558
41879711,3,0.4952639
23512664,1,1.5164342
50518016,5,1.3564364
40029272,5,1.1025347
49700415,1,1.0351417
41868802,1,0.59399104
39254585,7,1.4823244
41056406,2,0.7240413
50237271,2,0.8544627
41889391,3,0.4678921
41883533,2,0.52159905
41883319,0,0.36289763
41884670,0,0.24631324
23599029,5,0.19777939
31213624,9,1.4424536
39252228,4,1.1805018
23838819,4,1.3562564
50336797,4,1.6430134
39832761,1,1.1517909
29575615,7,1.4000362
41973171,7,1.5339572
41918302,5,0.91192657
23514464,1,1.497853
42967651,2,0.14166054
49545082,1,0.97762126
43937160,4,0.68751633
29605030,4,1.1577003
43926109,2,0.7578594
50519105,4,2.0095136
41967936,0,1.1755477
50235933,6,1.2165554
41884128,7,1.1749554
49545965,2,0.5032345
30869430,3,1.2295996
23446333,4,1.5824864
16999862,8,2.0901232
41071041,2,1.0998356
31216210,0,1.3874028
41134242,2,0.3437452
39206970,4,1.3636066
50237698,9,1.42624
41873360,5,0.2849257
50237102,6,1.4091736
41966790,7,1.5328766
49702749,6,1.3804721
17003616,8,2.0734437
50518007,5,1.4787686
50291547,6,1.3458186
50258258,4,1.3394938
50097545,8,0.5424641
42969280,2,0.6213569
41060613,2,0.34286427
41971416,7,0.5695158
39255785,5,1.4749155
41071295,2,0.43372917
39636216,3,0.7634584
43932386,2,0.40326232
23513287,3,1.035237
41141425,2,1.1656379
49646540,4,0.48901525
16750810,3,0.5216904
49545901,4,0.7061847
31213427,9,1.206844
49545080,8,1.1175992
23797703,9,1.1498775
49544663,8,0.89477193
41141191,4,1.1308624
50237675,9,1.2702914
41161251,3,0.8651934
41887757,2,0.71173733
23509382,1,0.9478052
23754477,7,1.5122023
49545631,3,1.0184777
43936120,2,0.5297265
38117756,4,1.6593157
23754448,7,1.4659629
38048396,4,0.24295428
49544549,8,0.98465866
42987947,2,0.6356543
50477168,6,1.2158576
41131868,4,0.7180541
41970333,1,1.2114509
41071849,2,0.9530412
41912406,3,0.7147568
50518004,5,1.493537
23754187,8,1.5082731
23754077,8,1.3575122
38174831,6,0.88789135
41136724,0,0.6571065
16756965,3,1.294465
23754266,8,0.8852467
41140886,2,0.8224174
43938682,2,0.82926214
39008965,4,1.5271676
16745381,1,1.5535383
41141582,2,0.63685775
42982152,3,1.1682259
23754440,7,1.2156657
39388571,8,0.47596234
50237664,9,1.3965608
38134086,6,0.76400244
42987773,3,1.6419863
41136916,4,0.93729526
42989177,3,1.2481201
38216767,5,1.5230329
42987417,9,1.3280549
29651873,7,1.5329827
29651686,7,1.1453758
49647058,5,1.0626752
50236584,6,1.2778345
41163642,2,0.75963616
41153804,2,0.67716527
41890388,0,0.48100045
29651095,7,1.3766766
41921627,2,0.58019584
23754176,8,1.0697204
40586249,5,0.9859025
29651224,7,1.4904035
38049453,4,1.3600471
49555072,3,0.9514837
49743436,9,1.2607167
39388591,4,0.31730473
41165623,2,0.7042947
41162413,2,0.81353056
41880358,5,1.1328515
29651543,7,1.3284014
41924167,5,0.8654833
41134096,2,0.6963821
50287472,6,1.5182254
41140857,4,0.91735005
23512992,6,1.01399
50253252,8,1.1373312
49544798,1,0.7046039
41974756,2,0.46029508
29510665,5,0.8303634
23510577,1,1.0360415
29753026,4,1.8476155
17158061,5,1.298722
42983659,3,1.3626459
42979135,2,0.7314572
50517997,5,1.631449
42984282,3,0.87634116
17000056,8,2.0482168
17006156,8,2.0394337
41137216,3,0.8551692
41974750,7,0.86204314
41136929,3,0.6858081
23513087,6,1.2451804
49646525,1,1.2391655
50418263,8,1.0247791
17078458,4,1.1458908
41078506,2,0.6663511
29651167,7,1.7017581
41134737,2,0.41463935
41867892,3,0.8712057
17153197,6,1.5936387
16899815,4,1.1291096
50137095,4,0.9670086
38985081,1,1.274212
41140689,2,0.99649704
23754362,7,1.3617574
41974194,7,1.2700832
40029377,8,1.2189612
29575201,6,1.3578743
17150571,9,1.6163695
41868784,2,0.7664156
38056626,3,0.9672025
23688904,4,1.3748775
42988278,3,1.0398233
41056402,7,0.956612
44005057,2,0.66178757
43930790,2,0.9585679
41918110,5,0.8159284
41071042,2,0.7442311
39255753,5,1.2662573
29575588,7,1.1836575
29651251,7,1.5332757
31212857,9,1.8381491
50517998,5,1.5406727
23754335,7,1.5688624
41166299,2,0.6112741
41868964,2,0.44623348
16745658,7,1.6802175
41879666,1,1.1555964
41923829,2,1.0435804
43990928,2,0.33852053
41155929,2,0.6295056
41112530,2,0.4010573
49859809,9,0.69970113
41191941,6,0.7305527
49243862,7,1.2804507
41134333,0,0.7668062
17008231,8,2.3304446
50438935,4,2.0468373
41110052,2,0.29747492
41869138,3,0.9584232
49545432,8,0.8429837
41967935,0,1.0721234
41884851,2,0.31665525
23678183,4,1.7765079
41134452,3,0.5182413
42968968,7,0.547227
50237510,7,1.261541
43945692,2,0.20962535
43988347,2,0.39400047
29651222,7,1.7893105
41920074,5,0.94966066
41919035,2,0.91251993
41883269,3,0.87853605
50237702,9,1.1780902
16804574,4,0.87275857
41968578,5,1.1851423
49544808,1,1.0437379
41161294,5,0.6252794
49743447,9,1.3347952
41136903,4,1.2958437
31213578,9,1.6875637
16736553,4,1.3377503
29651554,7,1.7573514
42985000,5,1.1171504
39257313,5,1.266934
49545750,1,1.3456079
41163130,4,0.8313451
41153625,2,0.44010663
49762721,6,1.4733307
41131878,2,0.14009255
49702417,8,0.8523682
42969269,2,0.2792999
41141233,2,0.49083447
41167437,2,0.43828702
43945653,1,0.7348373
23864190,3,0.76981986
41191766,6,0.37863395
50481550,4,0.9326304
41062212,2,0.18211132
49882501,4,2.0468373
48533153,6,0.8056955
49702736,2,1.0798273
42969292,2,0.22885673
29807877,6,0.6510506
41112524,2,0.39202726
16745382,2,0.671334
39255764,5,1.6510122
41137213,7,1.0881934
39828994,6,1.023345
29650318,5,1.402699
43976089,2,0.87323666
41925246,5,0.7299124
50481648,6,1.273768
41883282,3,0.6984001
23576740,8,1.2370574
41966579,3,0.93554765
50456295,6,1.3637509
41109307,2,0.9925682
49647066,8,0.6080605
38967614,4,1.3540759
43923840,7,0.696583
41912363,3,1.2411848
42981881,2,0.20124528
41162158,2,0.9910364
41166113,2,0.88708866
16745361,7,1.8158219
41871414,4,-0.19560084
23689202,3,0.9118058
41879700,2,0.9120788
50331623,1,1.2738972
39254730,5,1.4999843
29650496,3,1.153884
41191823,2,-0.005589515
17006967,8,2.0107777
41873363,0,0.53466296
41918129,5,0.77852845
23511392,1,1.2139535
16997278,8,1.788698
49545811,8,1.2586955
49647079,4,0.26598996
42984735,7,1.191204
29575214,8,1.0265458
41065829,3,0.48526078
23689135,2,0.44052708
30729693,5,1.4564217
50237498,6,0.7654112
16804482,3,0.9990391
49695261,1,0.21040224
41921625,2,0.6237397
41060399,2,0.79020035
41166677,2,0.897104
42968367,2,1.0957111
42986682,3,1.1989529
16999691,8,1.4474905
43930556,2,0.2979804
41056174,5,1.5017735
49545778,1,1.0004658
41884662,2,0.048686787
49544846,6,0.9842186
41134318,4,0.5021993
16745414,7,1.575901
39832764,1,1.3090206
16655317,4,1.7931643
41884675,2,0.76822925
49545627,0,0.4945642
50390466,3,1.0320711
50332704,6,1.1337289
42987946,5,1.168492
29605012,6,1.0135745
41975266,1,1.2829006
41887427,2,0.36822733
23511224,1,0.98877275
16682703,4,1.2563782
41134441,3,1.0836128
49494810,4,1.8444154
42969332,2,0.4168347
29650148,7,1.106437
29536669,9,1.0308464
50245744,4,2.109195
50236552,8,1.3067415
50237059,8,1.2788465
17006431,8,1.9959373
49646606,1,1.0400915
50235908,6,1.4115217
41134652,2,0.106502436
49544954,3,0.8034103
43937994,2,1.032803
23754065,1,0.9672389
23754182,1,1.1714159
43945533,2,-0.031316683
41131707,2,0.8642635
41884299,7,0.15313597
41889235,3,0.08540988
16672729,4,0.81516945
49544567,1,0.71850574
50466989,6,0.9309545
48709925,6,1.0902451
41966802,7,1.4228553
43930803,2,0.70129406
50258206,4,1.4746462
30870952,0,1.0513194
29807861,4,1.331323
50236582,6,1.2845423
16745354,7,1.9492319
50237667,9,1.5806587
41868816,3,0.8760207
43935174,2,0.68187004
41970331,7,1.580728
41136696,2,0.28196633
41966368,3,1.2598807
41887828,0,0.17688984
41912011,5,0.9697521
29807865,8,0.83192885
50518008,5,1.8769844
41106999,2,0.7431351
23512102,1,1.090592
29651616,7,1.9351661
41873567,7,1.3386168
42982586,3,1.4394082
23475719,4,1.4479973
41921972,2,0.88365126
49530927,4,1.4925904
49646615,1,0.8331312
23528473,4,1.8147019
41071068,2,0.28247625
23730842,1,1.2785158
41921541,5,0.6857934
23754269,7,1.5767754
41162428,2,0.53530025
50195039,8,1.4594085
41140699,2,1.3449934
41160763,2,0.53823453
41971798,7,1.1343079
17008353,8,2.2023466
50354675,9,1.2099
16997254,8,1.9541512
41131660,2,0.9940318
41925907,2,0.857932
49743433,7,1.4811385
50331344,3,0.56823003
23510165,5,1.1485933
41884302,1,0.54220957
41970134,0,0.9476926
41889988,2,0.1553463
38216601,9,0.6798151
23509625,1,1.559789
41068262,2,0.7449269
23512363,1,1.0536458
23576812,9,1.2698195
38057900,1,1.3660065
50464158,4,1.910032
23754367,7,1.4218177
50522585,5,0.9860952
23754459,7,1.4965394
42979287,3,0.94939476
41134451,4,0.8524004
38044223,9,0.83916515
38133884,1,1.20121
42988246,0,0.69662195
17072980,4,1.1925142
17040983,4,1.910032
50061498,4,1.3378955
41917838,2,1.208082
41106342,3,1.0117333
43982861,2,0.5806667
41890775,0,0.23640814
23600398,4,1.0807644
43932621,2,0.7153877
41869104,2,0.5212904
41110726,4,0.7205946
17007465,8,1.948339
17004554,8,1.9822003
41883136,2,0.24555397
41056217,3,0.8154935
42980817,9,1.3678513
41918071,5,1.0828614
49544674,5,0.58089876
41968594,5,1.1577861
29651508,7,1.4328759
17006355,8,1.9085827
43976313,2,1.2388273
23509547,1,1.2322608
29511624,7,1.5522448
41967101,1,0.89351845
41191603,2,0.015687183
17156604,4,1.0315108
39492365,9,1.0944563
29651790,7,1.5910735
42982543,3,0.923861
29510467,7,1.3253697
23511806,1,1.1210704
41918059,2,0.85326785
48809315,4,1.4292953
49545130,6,1.0323331
42966821,2,0.9494625
40577064,4,0.71289366
41165784,5,0.8164985
49427825,9,1.4149581
23511243,1,1.0200702
29651056,7,1.2226399
41884289,5,0.44999024
16745773,7,1.5736254
50204079,5,-0.1925802
41140059,4,0.70717525
41191639,2,0.63236535
41163083,2,0.4305375
49410814,5,1.2902126
41886922,0,0.3183747
17154055,4,1.7046698
41141151,4,1.3182846
23838840,6,0.89012897
41056164,2,1.2232903
50245752,4,1.7342316
29576735,8,1.0381298
40029343,8,1.4387747
41922288,2,0.31178144
41060428,8,0.19812602
29651437,7,1.563323
29652325,4,1.7342316
31215297,9,0.8646537
50236347,8,1.2043573
38133899,9,0.9561137
29650513,4,0.603236
41924944,2,0.716064
31215534,9,1.0530986
50236023,8,0.95882154
16745332,7,1.4598985
41884107,2,0.4162985
41066689,3,0.87209934
49545975,1,1.2323952
23512466,2,0.64913857
43976048,2,0.72226787
50133768,1,0.9377507
23510821,2,0.4733104
23754310,7,1.1334393
23754575,7,1.0993993
41156563,2,0.91681254
50517999,5,1.9753932
48529156,4,1.085118
42986509,0,0.51335603
43943594,2,0.97877705
31216174,1,1.2675802
17156749,9,1.620443
29651125,7,1.589558
50336588,1,0.5741179
30691042,3,0.93473977
39254546,5,1.3436449
29576901,7,1.4914434
50245720,4,1.7342316
49539324,4,0.88212126
41134647,3,0.3065613
23512229,3,1.1410186
41141590,2,0.82996243
23754281,1,1.000555
31212249,8,0.5074772
50354539,4,1.2404051
17006369,8,2.1036177
41965503,6,1.1738787
41867931,0,0.60554093
16745574,7,1.3920143
49696037,9,0.9128605
23754364,7,1.0952693
29651778,7,1.3509965
16921415,1,0.2752854
41136652,3,0.548754
41112454,2,0.48084974
49411313,5,1.3764598
23527670,4,1.2731497
41967933,0,1.1917627
49411057,4,0.8639246
50237501,6,1.0988132
49544561,2,1.0358675
50287809,8,1.1531897
50360136,4,0.83541423
23493340,4,1.8664263
41974964,3,1.3670701
39000103,5,1.2480597
41884661,2,0.26657218
50237116,9,1.4865918
41113160,2,0.2993144
29651567,7,1.9523234
41141545,2,0.5615907
49544602,6,0.73585194
16999282,8,1.5623056
17072976,6,0.18950577
43939638,2,0.4679937
49700839,9,0.606609
49545440,8,0.68176913
50467080,5,1.3345604
41136732,2,0.9239369
17154042,4,1.177776
17000096,8,1.4277312
23509963,9,0.70062196
41879883,3,0.44829935
41110278,3,0.7889706
41151547,7,1.1102748
43945525,2,1.0175991
41869117,2,0.37339482
29651755,7,1.3476644
43938109,2,0.9317645
49743268,6,1.306568
49743291,6,1.1850293
41151543,2,0.58359516
23754224,1,1.1778663
41070978,2,0.3751696
23754100,7,1.4044256
41924562,3,1.2207913
23493544,4,1.8664263
39256274,5,1.4264185
43933649,2,0.69595236
42966748,2,0.6179131
23746803,4,1.8664263
23513041,1,1.3943837
42979078,0,0.5609123
41974746,5,1.1509217
40029360,4,1.2663226
16997268,8,1.3367426
41137200,4,0.6051025
16997252,8,1.9840827
50204076,5,0.9560997
41136690,4,0.8451417
42969131,2,0.59132934
50236395,9,1.1169838
39126326,7,1.3473275
41153633,2,0.7749718
31213396,9,1.4510677
41925872,2,0.36834055
29651906,7,1.3583286
41134656,3,0.6719552
41917784,3,0.7919784
30744519,5,0.8079642
50243286,4,1.4012147
41137017,0,0.8547303
41889019,7,0.8515003
41887838,2,0.93429804
41890413,2,0.392452
29575759,9,1.2339387
42988522,3,1.2155803
41141385,7,1.4137173
43990325,2,0.73271114
50462257,4,2.3194737
23511134,1,1.7759827
41071083,2,0.5871768
41136680,7,0.57697
41927737,5,1.2188059
50236008,6,1.5192062
41917340,2,0.55203336
41967059,5,0.48144978
41920886,2,0.849381
41923153,2,0.66542995
23754116,7,1.2939272
41153781,7,1.3083704
42980816,3,1.4315307
43979962,2,0.50642496
43941960,4,0.98290646
49743448,9,1.4208219
43945537,2,0.24616998
41891318,2,0.4796642
43930420,2,0.14145674
41924956,2,1.0307263
41880203,4,1.231802
49460164,6,1.1624727
23754492,7,1.3551627
23512788,1,1.0035846
41867705,2,0.3057257
41156561,2,0.5139833
49544503,4,-0.046540692
23511450,6,0.5868013
40029429,6,0.96141803
42968163,5,0.78485173
43989934,4,1.2303164
29650673,8,1.6226257
49700837,6,0.6622937
23509395,1,1.0681611
44005735,2,0.5024212
41917592,3,0.40784693
48706457,3,1.3577226
41112720,2,0.3178268
41140476,7,0.98575556
42983473,6,1.7168763
50518019,5,1.0376312
41884663,2,0.22774522
38130332,1,1.3186064
23480757,9,1.3742604
41974551,5,0.9438442
38048410,8,1.0743406
23511281,1,1.2452132
16997131,8,2.065327
16997086,8,1.4765323
23492594,9,0.9346005
41160205,2,0.7621082
16804493,0,1.0654515
38192695,4,1.3528672
29651486,7,1.6339425
43945535,3,0.49398717
41134442,3,0.9917301
43932385,2,0.67113537
43983377,2,0.09026453
41867648,3,0.8503603
23510994,1,0.9216238
39255718,8,1.4753798
48529095,5,1.4825099
43944771,4,0.7219868
50235868,6,1.2214358
49427363,8,0.8150638
49544983,8,1.0200567
50237301,9,1.1856143
43932387,2,1.0050316
40029425,8,1.4818599
41867471,3,0.5839294
16655456,4,1.7398664
42989638,7,1.3999202
29651280,7,1.961403
41917750,2,1.0846555
38139997,1,1.6617165
49539395,3,1.2680097
38065920,6,0.9130322
29681853,8,0.8862351
49545757,1,0.84615624
43935947,2,0.70841044
50237503,1,1.2972296
23576625,9,2.3975313
50363147,5,1.3708881
17135054,5,0.70330894
50236222,8,1.6005123
17008351,8,2.289997
41867893,3,0.55662274
42966836,2,0.83599794
41056198,2,0.6302622
50468371,5,1.16086
50485158,1,1.5571412
41870283,8,0.5508744
23754327,7,1.705699
23509757,1,1.2197796
44005097,2,0.97715145
43934324,2,0.670349
41886869,0,0.099417984
23511493,3,0.77585846
41970045,2,1.1046394
16691457,5,0.9162251
41967664,3,0.9190691
31125286,4,0.89125586
49701888,4,1.0482552
41884666,0,0.8061091
23703795,6,0.93697715
49545967,2,0.3163618
41153637,2,0.78932554
41112240,2,0.4092017
50348085,4,1.0591314
41155901,2,1.0673153
17008193,8,2.1244435
41884304,0,0.24027196
30870942,0,1.1981028
41927321,5,1.3539016
49545768,1,1.3766675
41062216,2,0.39837587
42987942,2,0.77004665
41112679,4,0.8899368
50136499,5,0.8389895
41927335,5,1.5304556
42967254,2,0.9036561
50236970,8,1.5419831
30691038,3,0.66934764
30549364,7,1.5817755
38951956,6,1.4465268
49646599,8,0.9318359
29650993,7,1.9090648
23754288,7,1.4159651
50236151,8,1.5263994
41163095,2,0.65527225
23510403,3,1.3325541
16745388,7,1.8506905
39260607,5,1.4259031
43945696,2,0.93521655
39050735,9,1.1626105
41870483,4,0.4868077
41152538,2,0.5430747
41887192,2,0.84632283
29651598,7,1.7840588
39911513,7,1.2740474
50237261,9,0.9955107
50235932,9,1.4503913
23511877,6,1.1315769
49426516,5,1.5123181
49415620,9,1.1448699
41152099,2,0.9014302
31215334,9,1.4697187
49743275,4,1.262052
41155252,2,0.8582599
41917553,2,0.37149578
41868948,4,0.73477334
41140328,4,1.4444538
41134253,3,0.7707598
30697017,4,1.0573403
43932593,2,0.8817907
16655457,4,1.6430433
41107049,2,0.7314531
49545141,8,1.0592736
39254257,5,1.5329505
50258314,4,1.0346786
41917208,5,0.95392644
41056358,2,1.1193806
41065385,2,0.51183856
41070798,3,1.1457474
41921418,5,0.86899173
29651168,7,1.8662039
41191826,2,0.84592795
38117888,1,1.2772712
41134444,3,0.80613554
29768433,6,1.2637229
42967859,2,0.8681943
16980363,6,1.2452866
29651250,7,1.720566
41141368,2,1.1457498
16998202,8,2.3209796
16904726,1,1.4000651
41966155,1,1.4924722
50236036,6,1.5935944
50300960,3,0.75124717
23512163,9,0.84917545
23576621,9,1.1346754
49704254,1,1.4600468
49243814,7,1.2169857
17008024,8,1.9302757
49545873,1,0.8465282
23754361,7,1.751379
43945527,2,0.6200849
43930426,2,0.63752455
50348899,9,1.2470092
39252169,8,1.1009407
38216536,8,0.9041385
41889584,3,0.21080035
42967532,1,0.68562484
50236384,9,1.3187826
17070272,8,0.74646187
41112723,2,0.3725882
29651509,7,1.5475976
23513318,5,0.66161144
41873761,7,1.281889
49700835,6,0.84699535
41140924,6,0.9797186
41883291,2,0.6380434
38123601,4,0.81972677
29605045,9,0.7495362
41059874,0,0.53791356
17007713,8,2.0788326
42988722,3,0.5724905
16804551,4,1.1024641
41884846,2,0.30580717
16723868,6,1.445065
50245755,4,1.7579029
42969043,2,0.7921559
50236961,8,1.700302
50518032,5,1.8805116
40584098,2,1.073685
42986888,3,0.95715743
41974743,5,1.1030798
41883244,0,0.40539557
41068267,2,0.8772728
16721053,5,1.0361243
38957837,6,0.515768
29770134,9,1.3197461
41924574,5,0.60729384
41134324,3,0.91542375
43945532,2,0.31117803
23493436,4,1.7579029
50237517,1,1.0397708
41883481,3,0.36895356
41890017,2,0.5021077
41110866,3,0.7049203
38044169,7,1.2526909
23694809,7,0.7251707
41153745,2,0.7128782
38216546,1,1.0495207
16980359,6,1.1958263
41141426,2,0.526982
41868756,2,0.24569197
16746113,7,1.4293174
31216001,6,0.97056305
43995504,2,0.5736934
49544925,6,0.6841185
41061709,2,0.64096177
41879306,4,0.8716391
41139993,8,1.2583703
50235891,6,1.2566783
43939610,2,0.34254178
40030685,4,1.2369013
38174060,9,1.248834
29651380,7,1.5943242
49647056,1,1.2502719
29651875,7,1.5824695
50347147,4,1.2231615
41916880,2,0.4514471
39256264,5,1.1516184
50237458,6,0.9547847
31212842,9,1.612179
42969134,2,0.79858583
42968167,2,0.6339005
49545123,6,0.92422587
49544502,1,0.62161803
43978704,2,0.34388143
50437728,4,2.1485314
23513250,3,0.96749926
41927531,5,1.193174
41153435,2,0.4219585
41111438,0,0.45503366
50518013,5,1.8562545
40038858,5,0.76831794
42980988,3,1.1156857
41141382,2,0.81364906
41887223,0,0.3055721
50237539,9,1.1418492
38216787,9,0.9208518
50236557,8,1.4970849
49545754,1,0.938393
41967931,1,1.5003451
41064879,0,0.37988487
29575171,7,1.2812198
16998163,8,1.8320186
50236949,8,1.7621541
41888890,2,0.6980492
49424495,1,1.22001
41967266,0,0.13818976
41915741,2,0.76317984
49530724,6,0.95591295
49696048,4,1.0768225
41141352,0,0.7348239
31213792,9,1.3740497
41923626,3,0.26926503
38044216,2,0.96064013
41884063,2,0.70389116
16686948,4,1.4612242
16689774,8,1.3763818
50258326,4,0.74838907
23511888,4,1.3797933
41137149,3,1.2771279
23754243,7,1.6843526
41967927,6,1.3734293
41141408,1,1.0900869
41870871,8,0.6503379
49302102,5,1.0980957
41191771,4,0.27776116
41924819,5,1.228796
38953527,7,1.3100877
43926092,1,0.8289256
41870457,3,0.7582897
41889152,2,0.69070977
41924986,5,0.5822377
39388600,3,0.3985515
49647077,3,0.61355495
39905310,7,1.3286483
16747192,2,0.5703249
29651910,7,1.7251532
41923595,2,0.6860498
29651633,7,0.1908978
50494412,9,1.833419
23684472,6,1.3135023
23754313,7,1.8321531
41879328,1,1.4344344
50236551,6,1.6379534
41884058,2,0.2749785
41883455,2,0.5545018
41967102,7,1.2153295
40570478,4,1.2577758
41915839,3,0.98444194
49647096,8,1.2905856
48513248,4,1.5619558
41966382,3,1.3945187
41162410,2,0.55064964
41056158,2,1.5306413
23513043,1,0.8883643
39251902,5,1.9343901
29790081,8,1.4019614
42988732,3,0.49710083
41966383,7,1.4091835
41134684,3,0.7785138
29536659,6,1.4985858
41140074,6,1.2056663
39018838,1,1.2227689
41161916,2,0.15338793
23754324,7,1.140568
41965113,3,0.7526684
42969135,2,0.034257844
49696311,3,1.2207382
16997286,8,2.3244276
49541964,5,1.458635
41923151,2,0.9624417
38174834,4,1.0520138
23510359,2,0.6181685
30691031,4,0.4261611
42988490,3,1.0827188
49545759,1,1.4532224
16999490,8,2.2238958
41868966,3,0.42112237
41056006,7,1.2856543
41152248,2,0.5615474
16698479,3,1.0546713
41065805,0,0.7279519
23754298,7,1.5308478
43944575,2,0.7327193
29605106,4,1.4003006
41868797,2,0.9206314
41873415,2,0.8405269
41056161,2,1.4244412
49743421,9,1.3803581
23511344,6,1.0808587
41191944,4,0.9000832
23509420,1,1.4859095
41884104,3,0.07905321
50237277,9,1.4932305
43930422,2,0.54279405
41973367,9,1.5067414
41870640,8,0.23771748
41967061,5,1.095671
49646531,5,0.79638183
49545090,1,1.5433545
49243725,3,0.4336857
42984644,0,0.83028704
41969671,7,1.0360829
31213383,9,1.6645267
50354499,2,1.1156174
31215903,6,0.5938567
49243767,8,0.75286126
31215874,6,1.0305375
41883252,0,0.49497494
29651681,7,1.9321295
48808354,4,0.5348942
29575189,6,1.2328919
41112241,2,0.19362283
49723309,5,1.3364995
49444572,1,0.81710535
41065557,0,-0.009047374
23512956,6,1.3687856
49545962,2,0.42941985
29575175,1,1.0602431
49727384,4,1.4124162
49701278,4,1.0736966
38174058,3,0.60644054
41134322,3,0.9072497
43998582,2,0.48985827
29651405,7,1.5530901
49426138,5,1.5320065
30471550,4,2.0597103
16745584,7,1.8053534
39255787,8,1.404159
31213236,9,1.8556833
41166672,2,0.646519
50237275,9,1.2914228
50360280,4,1.2714876
23493431,4,2.0597103
41134294,2,1.0496392
41870124,8,0.94283926
50336787,6,1.1618026
23754193,8,1.3357404
41056013,2,0.3871252
42986525,3,0.20321284
41160759,2,0.37447196
42980801,9,1.3077073
41971564,5,0.37019932
41870642,8,0.8756136
50136188,4,1.5381771
41067747,2,0.5091079
50206017,4,1.0229719
43998579,2,0.649723
39828992,4,1.3924513
42969287,2,0.35846817
41109715,2,0.5135367
29575604,8,1.2474494
17167796,3,0.58344734
49544827,6,0.97782826
41112656,3,1.3320796
41110118,2,0.41651672
23600395,7,0.7341319
23509195,1,0.7882401
50331351,2,-0.007853262
50236220,8,1.706731
41164936,2,0.5377502
16745365,7,1.9188831
41917839,5,0.90294546
41164924,1,1.3601499
41870694,8,0.6273079
41136859,2,0.2394415
41966568,7,1.5515325
41873558,7,1.1773459
42984469,2,0.9488396
16997125,8,1.7755998
23475871,6,0.67998725
49743304,4,0.719117
42982032,3,0.7551269
43976852,2,0.5268335
41106437,2,0.32269675
41883268,2,0.45541692
39885466,1,1.4950454
41887351,2,0.49923998
29651387,7,1.593059
31213197,9,0.7907659
41867853,2,0.71931684
41883131,2,0.50436187
49646539,4,0.97768074
30870990,6,1.2302336
16745577,7,1.7284384
41154175,2,0.82880914
29651579,7,1.5686147
41132145,3,0.7656017
23754122,7,1.0133945
29651628,7,1.7755153
41866744,6,1.0781659
41141342,2,0.665805
23754101,1,1.1755527
16904723,9,1.4495765
29602688,6,1.1475801
16999915,8,2.0169024
23754441,6,1.0499634
39002035,4,1.0331572
50331700,6,0.8822036
16997245,8,1.708051
50237273,9,1.569716
41966795,7,1.2637413
17127823,4,1.5056298
42988737,0,0.7501202
42979889,3,1.3256795
41141432,5,0.63304806
39692295,4,1.8934786
42986251,0,0.79928476
50258182,9,1.1842049
41134734,3,0.593193
43941757,2,0.41814417
49646596,0,0.5075935
16997681,8,1.8932658
41971835,3,0.7923399
41884261,2,0.3419658
50390395,6,0.310219
49411007,5,1.1845915
40055962,3,1.1752305
41166306,2,0.78690225
39832089,4,0.90432763
41918883,2,0.55595577
42984136,8,0.7708122
23729549,5,0.90350646
50237538,6,1.5725269
23754376,8,1.4221542
49410738,5,1.1519344
50505803,5,0.6860518
49545431,1,0.8364799
23754345,7,1.5732319
43934914,2,0.5386243
31127250,4,1.4602587
40029290,1,1.0560672
41884705,2,0.9339143
29651560,7,1.5774198
31213208,9,1.6852106
41136719,5,0.6120498
41137002,8,0.03212083
29575771,7,1.452043
23754156,7,1.2522123
17126128,5,1.2021371
41968356,5,0.7732343
49437525,1,1.3724145
41141395,1,1.4733692
43980491,1,1.0417364
29650675,8,1.2384005
50336592,5,1.1250458
29512066,7,1.3786751
38216646,4,0.8583542
49647063,4,1.2215147
49545108,8,1.3033254
43936053,2,0.5499768
41884717,2,0.6251493
41883917,2,0.5992912
31213409,9,0.8467159
23529144,4,1.1343011
23754490,7,0.96864104
41109300,4,0.6775168
39387222,1,0.80550456
41869077,1,1.0889828
50258165,6,1.2330054
49646550,3,0.5492847
43926083,2,0.4769195
49743308,5,1.0776875
43937563,2,0.5308211
41889146,2,0.4663182
39500912,4,1.011336
43936656,2,0.7058885
41883257,2,0.60553026
41884070,2,0.7006985
48531475,3,0.51200426
31082097,3,1.047543
16745357,7,1.6012803
41867529,3,1.0502875
41913045,5,0.9689761
50206022,3,1.061395
16745637,7,1.543165
41070389,3,1.012781
17004813,8,2.0612285
41191765,2,0.514023
29651174,7,1.5264916
41890038,2,0.7181034
29651652,7,1.6493744
31213179,9,1.561558
17092006,4,1.803347
16997683,8,1.950118
38970254,6,0.7055351
44005137,2,0.7775305
42989173,2,1.0211465
16756968,8,0.8925586
42966837,0,0.86272013
41923971,5,1.27479
23513284,3,0.8725001
16839640,2,0.9775926
41137189,4,0.8265858
23576750,8,0.94626135
31014010,4,1.803347
16997133,8,1.4624002
29651550,7,1.6724327
43945519,2,0.51485384
30691030,6,0.7682755
40029354,4,1.21027
41153019,2,1.0034122
50237671,9,1.2983396
42969295,2,0.84550846
50136923,7,1.1429029
41191980,1,0.8502332
17003991,8,2.3396058
16804553,4,1.2614255
50479290,5,1.8892659
50237063,8,1.5389538
41061736,2,0.65288967
43930813,2,0.870878
42969321,4,0.8315114
50468362,9,1.3659095
39820640,4,0.85656595
43935577,2,0.63404185
29651605,7,1.8328842
41870069,8,0.799979
41068263,2,0.80805767
16745390,7,1.7135638
50364282,4,1.4645911
41918689,3,0.99179995
41883286,1,0.5043964
38999830,4,1.670342
23754488,7,1.4954681
29651785,7,1.7568139
43937612,2,0.626085
30472114,3,0.76394606
41151540,4,0.7499676
41134291,3,0.7774779
43984768,7,0.77473605
41867934,2,0.5245142
41152448,2,0.8158731
43941351,2,0.68372387
50237314,5,0.6362763
40029373,6,1.3029543
29651542,7,1.4376585
16980308,9,1.2470448
23754064,7,1.4753951
50237129,8,1.3303313
41068857,4,0.57408535
49544824,6,1.2382839
23684511,9,1.1891065
43926086,2,0.5763274
41110331,2,0.32902604
17008032,8,2.0643544
23510204,6,1.1518453
17167996,4,1.7619903
42984721,0,0.94171965
42968995,4,1.0123569
50237315,2,1.1549256
29650505,7,1.4507376
41160765,1,1.0345612
49702745,3,1.2122244
41137201,3,1.2470274
49702415,5,0.7643409
41971348,5,0.82408535
41134722,2,0.72342896
23754304,7,1.4849122
16756971,3,1.7030693
41167392,2,0.830247
41071045,2,0.8670605
23754496,7,1.5401437
49743262,3,1.636462
41884857,2,0.8403346
49545810,1,1.1088591
23509354,1,1.608419
49545876,3,0.79540956
41141421,2,0.84047806
39321966,4,0.6726695
49701944,5,0.42946315
50354678,6,1.6089591
41921545,5,1.091068
43945453,2,0.39264226
40568583,2,0.61995816
41866625,6,0.7896102
41165433,5,1.095911
41056213,3,0.8432217
41141168,4,0.8052436
41131664,2,1.1725346
41887019,3,0.22477183
42986697,3,0.889244
17007853,8,1.9350891
17006426,8,1.928851
41131840,2,0.36282593
29681835,5,1.0590435
41140879,3,1.3396285
17154028,4,1.4570832
41968143,7,1.7228369
41141578,2,1.0283216
38174059,3,0.97153246
49545814,8,1.2704532
41883240,2,0.3502227
29536664,9,0.8809149
29575558,7,1.522872
29650855,9,0.9741325
41921632,2,0.679183
17041599,5,0.99896336
39388588,8,0.24461462
41076102,2,0.78424215
50355087,5,0.8706195
50527696,6,1.3957967
29651047,7,2.1379952
30471557,4,2.2468526
41886700,0,0.077723965
49813448,4,1.0923836
50133767,4,1.3854619
49545974,1,1.4169444
41918465,5,1.1419866
42979253,6,0.75130725
23478376,5,0.94855404
16999650,8,1.7688044
23509742,1,1.5032856
29650679,7,1.0349303
41970046,3,0.9016471
31214612,9,1.522398
30687024,4,1.1117312
49743429,9,1.4951762
49743424,9,1.308387
49544701,0,0.4545482
42979478,3,1.1814115
40594258,3,0.88502675
49743427,9,1.3652924
50390400,4,1.1492736
41923795,2,0.8954404
23599014,8,0.784784
17008541,8,2.3603969
49743403,9,1.4138591
41134326,3,0.9427079
40056097,5,0.71524024
41883335,2,0.5270105
41161915,2,0.33892816
29650287,5,0.87801623
41141192,4,1.048994
50236431,8,1.3367119
42989561,7,1.2984772
30870967,6,1.5125567
41920880,7,1.2915032
23512159,6,0.9619176
41884658,0,0.12893543
39321942,8,0.73409635
41141195,4,0.5328635
41968434,7,0.9429413
42969327,1,0.4381198
43926079,3,0.37329927
42985824,3,1.2730949
29651454,7,1.9162037
41153142,7,1.5493267
41917037,5,0.10933949
40029379,8,1.46016
41924364,4,1.2950643
41165394,5,1.0219293
49545966,2,0.318315
41880210,4,1.1297171
41164300,3,1.0528916
16745459,1,1.1429664
23754507,7,1.224355
23688400,4,1.6685811
49544968,2,0.45485756
43924669,2,0.48088044
43946210,2,0.338744
31213793,9,1.5784893
43988369,2,0.63738024
41112444,2,0.76303613
31216200,1,1.5725096
50237471,6,1.1771203
41134525,4,0.11993557
41163871,3,0.7358919
49544598,6,0.84132445
41134283,2,0.7774493
23513443,7,1.6516571
23514476,1,1.2506644
42986928,7,1.162606
38216625,4,0.95634097
41883911,0,0.43229896
38982627,4,-0.25306368
41078512,2,0.5213006
23684519,6,1.2147323
39260550,5,1.1562866
23754432,9,1.2541562
31215493,9,2.1682146
41056363,2,0.8712368
41141568,2,0.60887516
40029340,1,0.9739725
41974962,2,0.547215
41923781,2,1.1696455
29510936,7,1.3087515
43939012,2,0.40388992
49426269,5,1.2181435
50195799,5,0.288631
38126464,5,1.0565557
41141596,3,0.53827906
50236960,8,1.5293151
50287484,8,0.90288466
23509436,1,1.1626022
16745359,7,1.710916
50258323,5,0.9678793
41886933,0,-0.25012717
29790088,6,1.4355986
41966791,7,1.2821244
30598075,4,1.7861596
41130839,8,0.279182
31214414,9,1.4264364
50331345,3,0.5835047
49647093,8,0.8822184
41969932,2,0.62256527
17073000,5,0.86974066
42989375,3,1.2022395
41970323,3,1.2603724
41968816,3,0.93880236
49494807,6,0.80642647
41134131,3,0.46924132
17187638,4,1.1329156
50518031,5,1.3149114
50354813,4,0.75810087
41884312,2,0.28237027
41969489,5,0.089505106
40029355,8,1.0642487
41065031,2,0.34637958
41873566,7,1.0125623
17157647,4,1.1157787
